well_id,date,water_level_m
W_THA_001,2018-01,5.436
W_THA_001,2018-02,5.568
W_THA_001,2018-03,6.049
W_THA_001,2018-04,6.59
W_THA_001,2018-05,6.259
W_THA_001,2018-06,6.169
W_THA_001,2018-07,4.938
W_THA_001,2018-08,5.031
W_THA_001,2018-09,4.982
W_THA_001,2018-10,4.89
W_THA_001,2018-11,4.098
W_THA_001,2018-12,4.872
W_THA_001,2019-01,5.284
W_THA_001,2019-02,6.107
W_THA_001,2019-03,6.346
W_THA_001,2019-04,6.91
W_THA_001,2019-05,6.436
W_THA_001,2019-06,6.283
W_THA_001,2019-07,6.072
W_THA_001,2019-08,5.378
W_THA_001,2019-09,4.805
W_THA_001,2019-10,4.706
W_THA_001,2019-11,4.512
W_THA_001,2019-12,4.809
W_THA_001,2020-01,5.068
W_THA_001,2020-02,6.683
W_THA_001,2020-03,6.376
W_THA_001,2020-04,6.415
W_THA_001,2020-05,6.518
W_THA_001,2020-06,6.449
W_THA_001,2020-07,5.506
W_THA_001,2020-08,5.274
W_THA_001,2020-09,5.03
W_THA_001,2020-10,5.273
W_THA_001,2020-11,4.526
W_THA_001,2020-12,5.204
W_THA_001,2021-01,4.749
W_THA_001,2021-02,6.655
W_THA_001,2021-03,6.749
W_THA_001,2021-04,7.063
W_THA_001,2021-05,7.423
W_THA_001,2021-06,6.583
W_THA_001,2021-07,5.935
W_THA_001,2021-08,5.866
W_THA_001,2021-09,5.09
W_THA_001,2021-10,5.605
W_THA_001,2021-11,4.982
W_THA_001,2021-12,
W_THA_001,2022-01,5.79
W_THA_001,2022-02,6.736
W_THA_001,2022-03,6.843
W_THA_001,2022-04,6.782
W_THA_001,2022-05,7.323
W_THA_001,2022-06,7.268
W_THA_001,2022-07,6.021
W_THA_001,2022-08,5.816
W_THA_001,2022-09,5.105
W_THA_001,2022-10,5.564
W_THA_001,2022-11,4.859
W_THA_001,2022-12,4.98
W_THA_002,2018-01,5.084
W_THA_002,2018-02,5.23
W_THA_002,2018-03,6.008
W_THA_002,2018-04,5.872
W_THA_002,2018-05,6.186
W_THA_002,2018-06,5.168
W_THA_002,2018-07,5.618
W_THA_002,2018-08,4.453
W_THA_002,2018-09,3.826
W_THA_002,2018-10,4.026
W_THA_002,2018-11,3.925
W_THA_002,2018-12,4.173
W_THA_002,2019-01,4.578
W_THA_002,2019-02,5.714
W_THA_002,2019-03,5.587
W_THA_002,2019-04,5.892
W_THA_002,2019-05,5.334
W_THA_002,2019-06,5.444
W_THA_002,2019-07,5.128
W_THA_002,2019-08,4.201
W_THA_002,2019-09,4.862
W_THA_002,2019-10,4.857
W_THA_002,2019-11,3.557
W_THA_002,2019-12,4.352
W_THA_002,2020-01,4.704
W_THA_002,2020-02,5.759
W_THA_002,2020-03,6.188
W_THA_002,2020-04,6.085
W_THA_002,2020-05,6.052
W_THA_002,2020-06,5.943
W_THA_002,2020-07,5.352
W_THA_002,2020-08,5.005
W_THA_002,2020-09,4.684
W_THA_002,2020-10,4.887
W_THA_002,2020-11,4.266
W_THA_002,2020-12,4.032
W_THA_002,2021-01,4.483
W_THA_002,2021-02,6.293
W_THA_002,2021-03,
W_THA_002,2021-04,6.462
W_THA_002,2021-05,6.238
W_THA_002,2021-06,6.184
W_THA_002,2021-07,5.435
W_THA_002,2021-08,4.649
W_THA_002,2021-09,4.818
W_THA_002,2021-10,4.468
W_THA_002,2021-11,4.042
W_THA_002,2021-12,4.331
W_THA_002,2022-01,5.435
W_THA_002,2022-02,5.553
W_THA_002,2022-03,6.324
W_THA_002,2022-04,6.661
W_THA_002,2022-05,6.624
W_THA_002,2022-06,6.414
W_THA_002,2022-07,5.348
W_THA_002,2022-08,5.07
W_THA_002,2022-09,4.671
W_THA_002,2022-10,5.387
W_THA_002,2022-11,4.326
W_THA_002,2022-12,4.647
W_THA_003,2018-01,3.922
W_THA_003,2018-02,4.794
W_THA_003,2018-03,4.682
W_THA_003,2018-04,5.168
W_THA_003,2018-05,4.859
W_THA_003,2018-06,5.099
W_THA_003,2018-07,4.178
W_THA_003,2018-08,
W_THA_003,2018-09,2.867
W_THA_003,2018-10,3.94
W_THA_003,2018-11,3.21
W_THA_003,2018-12,3.323
W_THA_003,2019-01,4.23
W_THA_003,2019-02,4.508
W_THA_003,2019-03,5.225
W_THA_003,2019-04,5.543
W_THA_003,2019-05,5.367
W_THA_003,2019-06,4.87
W_THA_003,2019-07,4.425
W_THA_003,2019-08,3.869
W_THA_003,2019-09,3.484
W_THA_003,2019-10,3.676
W_THA_003,2019-11,3.408
W_THA_003,2019-12,3.549
W_THA_003,2020-01,4.494
W_THA_003,2020-02,5.305
W_THA_003,2020-03,4.969
W_THA_003,2020-04,5.652
W_THA_003,2020-05,5.084
W_THA_003,2020-06,5.035
W_THA_003,2020-07,4.565
W_THA_003,2020-08,3.944
W_THA_003,2020-09,3.765
W_THA_003,2020-10,3.769
W_THA_003,2020-11,3.395
W_THA_003,2020-12,3.6
W_THA_003,2021-01,3.936
W_THA_003,2021-02,5.642
W_THA_003,2021-03,5.696
W_THA_003,2021-04,5.719
W_THA_003,2021-05,5.868
W_THA_003,2021-06,5.731
W_THA_003,2021-07,4.9
W_THA_003,2021-08,4.057
W_THA_003,2021-09,4.218
W_THA_003,2021-10,4.297
W_THA_003,2021-11,3.683
W_THA_003,2021-12,3.572
W_THA_003,2022-01,4.308
W_THA_003,2022-02,5.146
W_THA_003,2022-03,5.606
W_THA_003,2022-04,5.483
W_THA_003,2022-05,6.06
W_THA_003,2022-06,5.357
W_THA_003,2022-07,4.648
W_THA_003,2022-08,4.461
W_THA_003,2022-09,4.099
W_THA_003,2022-10,4.173
W_THA_003,2022-11,3.74
W_THA_003,2022-12,3.771
W_THA_004,2018-01,4.086
W_THA_004,2018-02,4.351
W_THA_004,2018-03,4.573
W_THA_004,2018-04,4.968
W_THA_004,2018-05,4.43
W_THA_004,2018-06,4.927
W_THA_004,2018-07,3.836
W_THA_004,2018-08,4.103
W_THA_004,2018-09,3.376
W_THA_004,2018-10,3.355
W_THA_004,2018-11,2.627
W_THA_004,2018-12,3.162
W_THA_004,2019-01,3.576
W_THA_004,2019-02,4.754
W_THA_004,2019-03,5.164
W_THA_004,2019-04,5.044
W_THA_004,2019-05,5.283
W_THA_004,2019-06,
W_THA_004,2019-07,3.994
W_THA_004,2019-08,3.91
W_THA_004,2019-09,3.157
W_THA_004,2019-10,3.634
W_THA_004,2019-11,3.31
W_THA_004,2019-12,3.28
W_THA_004,2020-01,3.529
W_THA_004,2020-02,5.157
W_THA_004,2020-03,4.838
W_THA_004,2020-04,5.151
W_THA_004,2020-05,5.404
W_THA_004,2020-06,4.693
W_THA_004,2020-07,4.376
W_THA_004,2020-08,3.981
W_THA_004,2020-09,4.065
W_THA_004,2020-10,3.363
W_THA_004,2020-11,3.006
W_THA_004,2020-12,3.319
W_THA_004,2021-01,3.837
W_THA_004,2021-02,5.136
W_THA_004,2021-03,5.448
W_THA_004,2021-04,5.747
W_THA_004,2021-05,5.543
W_THA_004,2021-06,4.727
W_THA_004,2021-07,3.971
W_THA_004,2021-08,3.969
W_THA_004,2021-09,3.737
W_THA_004,2021-10,3.777
W_THA_004,2021-11,3.486
W_THA_004,2021-12,3.232
W_THA_004,2022-01,4.349
W_THA_004,2022-02,5.437
W_THA_004,2022-03,5.487
W_THA_004,2022-04,5.427
W_THA_004,2022-05,5.846
W_THA_004,2022-06,5.057
W_THA_004,2022-07,4.783
W_THA_004,2022-08,4.237
W_THA_004,2022-09,4.178
W_THA_004,2022-10,4.216
W_THA_004,2022-11,3.433
W_THA_004,2022-12,3.973
W_THA_005,2018-01,3.819
W_THA_005,2018-02,4.127
W_THA_005,2018-03,4.396
W_THA_005,2018-04,4.18
W_THA_005,2018-05,4.469
W_THA_005,2018-06,3.975
W_THA_005,2018-07,3.73
W_THA_005,2018-08,3.823
W_THA_005,2018-09,2.798
W_THA_005,2018-10,3.255
W_THA_005,2018-11,2.676
W_THA_005,2018-12,2.391
W_THA_005,2019-01,3.284
W_THA_005,2019-02,4.215
W_THA_005,2019-03,4.491
W_THA_005,2019-04,4.865
W_THA_005,2019-05,4.505
W_THA_005,2019-06,4.267
W_THA_005,2019-07,3.881
W_THA_005,2019-08,3.724
W_THA_005,2019-09,3.015
W_THA_005,2019-10,3.437
W_THA_005,2019-11,2.219
W_THA_005,2019-12,2.875
W_THA_005,2020-01,3.405
W_THA_005,2020-02,4.311
W_THA_005,2020-03,4.93
W_THA_005,2020-04,4.951
W_THA_005,2020-05,4.856
W_THA_005,2020-06,4.829
W_THA_005,2020-07,4.275
W_THA_005,2020-08,3.342
W_THA_005,2020-09,3.156
W_THA_005,2020-10,3.5
W_THA_005,2020-11,2.713
W_THA_005,2020-12,3.545
W_THA_005,2021-01,3.667
W_THA_005,2021-02,4.439
W_THA_005,2021-03,4.8
W_THA_005,2021-04,4.723
W_THA_005,2021-05,5.115
W_THA_005,2021-06,4.542
W_THA_005,2021-07,3.81
W_THA_005,2021-08,3.434
W_THA_005,2021-09,3.737
W_THA_005,2021-10,
W_THA_005,2021-11,2.645
W_THA_005,2021-12,2.565
W_THA_005,2022-01,3.82
W_THA_005,2022-02,4.854
W_THA_005,2022-03,5.309
W_THA_005,2022-04,5.563
W_THA_005,2022-05,5.222
W_THA_005,2022-06,4.829
W_THA_005,2022-07,3.909
W_THA_005,2022-08,3.843
W_THA_005,2022-09,3.589
W_THA_005,2022-10,3.838
W_THA_005,2022-11,2.588
W_THA_005,2022-12,3.665
W_THA_006,2018-01,3.598
W_THA_006,2018-02,3.604
W_THA_006,2018-03,4.458
W_THA_006,2018-04,4.455
W_THA_006,2018-05,4.177
W_THA_006,2018-06,4.712
W_THA_006,2018-07,3.974
W_THA_006,2018-08,3.402
W_THA_006,2018-09,2.84
W_THA_006,2018-10,2.706
W_THA_006,2018-11,2.41
W_THA_006,2018-12,2.787
W_THA_006,2019-01,3.07
W_THA_006,2019-02,4.275
W_THA_006,2019-03,4.638
W_THA_006,2019-04,4.365
W_THA_006,2019-05,4.839
W_THA_006,2019-06,4.636
W_THA_006,2019-07,3.574
W_THA_006,2019-08,3.218
W_THA_006,2019-09,3.519
W_THA_006,2019-10,3.545
W_THA_006,2019-11,1.983
W_THA_006,2019-12,2.865
W_THA_006,2020-01,
W_THA_006,2020-02,4.284
W_THA_006,2020-03,4.586
W_THA_006,2020-04,4.881
W_THA_006,2020-05,4.742
W_THA_006,2020-06,4.199
W_THA_006,2020-07,3.677
W_THA_006,2020-08,3.121
W_THA_006,2020-09,3.287
W_THA_006,2020-10,3.423
W_THA_006,2020-11,2.994
W_THA_006,2020-12,3.283
W_THA_006,2021-01,3.405
W_THA_006,2021-02,4.534
W_THA_006,2021-03,5.514
W_THA_006,2021-04,4.798
W_THA_006,2021-05,4.673
W_THA_006,2021-06,4.569
W_THA_006,2021-07,4.018
W_THA_006,2021-08,4.078
W_THA_006,2021-09,3.387
W_THA_006,2021-10,3.118
W_THA_006,2021-11,3.044
W_THA_006,2021-12,2.914
W_THA_006,2022-01,3.442
W_THA_006,2022-02,4.558
W_THA_006,2022-03,5.149
W_THA_006,2022-04,4.752
W_THA_006,2022-05,5.529
W_THA_006,2022-06,4.863
W_THA_006,2022-07,4.311
W_THA_006,2022-08,4.068
W_THA_006,2022-09,3.303
W_THA_006,2022-10,3.778
W_THA_006,2022-11,3.042
W_THA_006,2022-12,3.466
W_THA_007,2018-01,6.225
W_THA_007,2018-02,6.898
W_THA_007,2018-03,7.737
W_THA_007,2018-04,7.148
W_THA_007,2018-05,7.695
W_THA_007,2018-06,7.07
W_THA_007,2018-07,6.677
W_THA_007,2018-08,6.193
W_THA_007,2018-09,5.756
W_THA_007,2018-10,5.625
W_THA_007,2018-11,5.209
W_THA_007,2018-12,5.673
W_THA_007,2019-01,5.833
W_THA_007,2019-02,6.844
W_THA_007,2019-03,7.178
W_THA_007,2019-04,7.836
W_THA_007,2019-05,7.865
W_THA_007,2019-06,7.036
W_THA_007,2019-07,6.508
W_THA_007,2019-08,6.534
W_THA_007,2019-09,5.894
W_THA_007,2019-10,6.109
W_THA_007,2019-11,5.55
W_THA_007,2019-12,5.446
W_THA_007,2020-01,5.945
W_THA_007,2020-02,7.536
W_THA_007,2020-03,7.641
W_THA_007,2020-04,7.818
W_THA_007,2020-05,7.63
W_THA_007,2020-06,7.033
W_THA_007,2020-07,6.887
W_THA_007,2020-08,6.793
W_THA_007,2020-09,6.271
W_THA_007,2020-10,6.372
W_THA_007,2020-11,
W_THA_007,2020-12,5.807
W_THA_007,2021-01,6.1
W_THA_007,2021-02,7.341
W_THA_007,2021-03,7.657
W_THA_007,2021-04,8.01
W_THA_007,2021-05,7.983
W_THA_007,2021-06,7.728
W_THA_007,2021-07,7.252
W_THA_007,2021-08,6.616
W_THA_007,2021-09,6.455
W_THA_007,2021-10,6.401
W_THA_007,2021-11,5.29
W_THA_007,2021-12,5.595
W_THA_007,2022-01,6.659
W_THA_007,2022-02,7.509
W_THA_007,2022-03,7.937
W_THA_007,2022-04,7.671
W_THA_007,2022-05,8.065
W_THA_007,2022-06,7.664
W_THA_007,2022-07,7.18
W_THA_007,2022-08,6.687
W_THA_007,2022-09,5.917
W_THA_007,2022-10,6.872
W_THA_007,2022-11,5.581
W_THA_007,2022-12,6.104
W_THA_008,2018-01,5.12
W_THA_008,2018-02,5.749
W_THA_008,2018-03,5.853
W_THA_008,2018-04,5.96
W_THA_008,2018-05,5.683
W_THA_008,2018-06,5.525
W_THA_008,2018-07,5.022
W_THA_008,2018-08,4.71
W_THA_008,2018-09,4.109
W_THA_008,2018-10,4.793
W_THA_008,2018-11,3.915
W_THA_008,2018-12,3.817
W_THA_008,2019-01,4.894
W_THA_008,2019-02,5.287
W_THA_008,2019-03,6.115
W_THA_008,2019-04,5.939
W_THA_008,2019-05,6.452
W_THA_008,2019-06,6.018
W_THA_008,2019-07,
W_THA_008,2019-08,5.068
W_THA_008,2019-09,3.909
W_THA_008,2019-10,4.894
W_THA_008,2019-11,3.977
W_THA_008,2019-12,4.088
W_THA_008,2020-01,4.954
W_THA_008,2020-02,6.131
W_THA_008,2020-03,6.232
W_THA_008,2020-04,6.367
W_THA_008,2020-05,6.301
W_THA_008,2020-06,5.86
W_THA_008,2020-07,5.514
W_THA_008,2020-08,4.596
W_THA_008,2020-09,3.89
W_THA_008,2020-10,4.897
W_THA_008,2020-11,4.301
W_THA_008,2020-12,4.295
W_THA_008,2021-01,4.536
W_THA_008,2021-02,6.389
W_THA_008,2021-03,6.276
W_THA_008,2021-04,6.303
W_THA_008,2021-05,6.195
W_THA_008,2021-06,6.308
W_THA_008,2021-07,4.841
W_THA_008,2021-08,5.117
W_THA_008,2021-09,4.751
W_THA_008,2021-10,4.911
W_THA_008,2021-11,4.452
W_THA_008,2021-12,4.329
W_THA_008,2022-01,5.064
W_THA_008,2022-02,5.743
W_THA_008,2022-03,6.404
W_THA_008,2022-04,6.354
W_THA_008,2022-05,6.642
W_THA_008,2022-06,6.271
W_THA_008,2022-07,5.614
W_THA_008,2022-08,5.269
W_THA_008,2022-09,4.69
W_THA_008,2022-10,4.904
W_THA_008,2022-11,3.841
W_THA_008,2022-12,4.751
W_THA_009,2018-01,4.034
W_THA_009,2018-02,4.317
W_THA_009,2018-03,5.017
W_THA_009,2018-04,4.733
W_THA_009,2018-05,5.285
W_THA_009,2018-06,4.525
W_THA_009,2018-07,3.76
W_THA_009,2018-08,3.5
W_THA_009,2018-09,3.204
W_THA_009,2018-10,3.488
W_THA_009,2018-11,3.261
W_THA_009,2018-12,3.081
W_THA_009,2019-01,3.653
W_THA_009,2019-02,4.891
W_THA_009,2019-03,5.078
W_THA_009,2019-04,5.508
W_THA_009,2019-05,4.928
W_THA_009,2019-06,4.605
W_THA_009,2019-07,3.755
W_THA_009,2019-08,3.701
W_THA_009,2019-09,2.84
W_THA_009,2019-10,3.793
W_THA_009,2019-11,2.766
W_THA_009,2019-12,3.429
W_THA_009,2020-01,3.75
W_THA_009,2020-02,4.589
W_THA_009,2020-03,5.661
W_THA_009,2020-04,5.056
W_THA_009,2020-05,4.94
W_THA_009,2020-06,4.797
W_THA_009,2020-07,4.445
W_THA_009,2020-08,3.745
W_THA_009,2020-09,3.889
W_THA_009,2020-10,3.768
W_THA_009,2020-11,3.111
W_THA_009,2020-12,3.153
W_THA_009,2021-01,3.784
W_THA_009,2021-02,4.945
W_THA_009,2021-03,4.85
W_THA_009,2021-04,5.484
W_THA_009,2021-05,5.155
W_THA_009,2021-06,4.981
W_THA_009,2021-07,4.126
W_THA_009,2021-08,4.028
W_THA_009,2021-09,3.766
W_THA_009,2021-10,3.803
W_THA_009,2021-11,3.123
W_THA_009,2021-12,3.232
W_THA_009,2022-01,4.336
W_THA_009,2022-02,5.272
W_THA_009,2022-03,5.624
W_THA_009,2022-04,5.895
W_THA_009,2022-05,5.399
W_THA_009,2022-06,5.387
W_THA_009,2022-07,4.537
W_THA_009,2022-08,3.966
W_THA_009,2022-09,4.19
W_THA_009,2022-10,
W_THA_009,2022-11,4.055
W_THA_009,2022-12,4.313
W_THA_010,2018-01,4.719
W_THA_010,2018-02,5.488
W_THA_010,2018-03,5.687
W_THA_010,2018-04,5.169
W_THA_010,2018-05,5.75
W_THA_010,2018-06,5.811
W_THA_010,2018-07,
W_THA_010,2018-08,4.957
W_THA_010,2018-09,3.929
W_THA_010,2018-10,4.757
W_THA_010,2018-11,3.677
W_THA_010,2018-12,3.607
W_THA_010,2019-01,4.502
W_THA_010,2019-02,5.98
W_THA_010,2019-03,5.906
W_THA_010,2019-04,5.976
W_THA_010,2019-05,5.93
W_THA_010,2019-06,5.107
W_THA_010,2019-07,5.46
W_THA_010,2019-08,5.138
W_THA_010,2019-09,4.634
W_THA_010,2019-10,4.639
W_THA_010,2019-11,3.86
W_THA_010,2019-12,4.082
W_THA_010,2020-01,4.951
W_THA_010,2020-02,5.989
W_THA_010,2020-03,5.74
W_THA_010,2020-04,6.025
W_THA_010,2020-05,6.134
W_THA_010,2020-06,5.657
W_THA_010,2020-07,5.395
W_THA_010,2020-08,5.412
W_THA_010,2020-09,5.082
W_THA_010,2020-10,4.803
W_THA_010,2020-11,3.828
W_THA_010,2020-12,4.555
W_THA_010,2021-01,4.347
W_THA_010,2021-02,5.785
W_THA_010,2021-03,6.081
W_THA_010,2021-04,6.245
W_THA_010,2021-05,6.367
W_THA_010,2021-06,6.227
W_THA_010,2021-07,5.321
W_THA_010,2021-08,4.602
W_THA_010,2021-09,4.935
W_THA_010,2021-10,4.997
W_THA_010,2021-11,4.345
W_THA_010,2021-12,4.132
W_THA_010,2022-01,4.94
W_THA_010,2022-02,5.949
W_THA_010,2022-03,6.608
W_THA_010,2022-04,5.999
W_THA_010,2022-05,6.315
W_THA_010,2022-06,6.516
W_THA_010,2022-07,5.454
W_THA_010,2022-08,5.419
W_THA_010,2022-09,4.968
W_THA_010,2022-10,4.561
W_THA_010,2022-11,4.118
W_THA_010,2022-12,5.101
W_THA_011,2018-01,2.189
W_THA_011,2018-02,2.783
W_THA_011,2018-03,3.116
W_THA_011,2018-04,3.626
W_THA_011,2018-05,2.887
W_THA_011,2018-06,2.923
W_THA_011,2018-07,2.452
W_THA_011,2018-08,1.815
W_THA_011,2018-09,1.29
W_THA_011,2018-10,1.572
W_THA_011,2018-11,0.782
W_THA_011,2018-12,1.338
W_THA_011,2019-01,2.041
W_THA_011,2019-02,2.826
W_THA_011,2019-03,3.431
W_THA_011,2019-04,2.815
W_THA_011,2019-05,2.837
W_THA_011,2019-06,3.368
W_THA_011,2019-07,2.308
W_THA_011,2019-08,2.17
W_THA_011,2019-09,1.286
W_THA_011,2019-10,1.691
W_THA_011,2019-11,1.528
W_THA_011,2019-12,1.549
W_THA_011,2020-01,2.114
W_THA_011,2020-02,3.188
W_THA_011,2020-03,
W_THA_011,2020-04,3.401
W_THA_011,2020-05,2.867
W_THA_011,2020-06,2.951
W_THA_011,2020-07,2.756
W_THA_011,2020-08,2.371
W_THA_011,2020-09,1.912
W_THA_011,2020-10,2.321
W_THA_011,2020-11,1.296
W_THA_011,2020-12,1.413
W_THA_011,2021-01,2.269
W_THA_011,2021-02,3.129
W_THA_011,2021-03,3.707
W_THA_011,2021-04,3.334
W_THA_011,2021-05,3.307
W_THA_011,2021-06,3.187
W_THA_011,2021-07,3.195
W_THA_011,2021-08,2.528
W_THA_011,2021-09,2.105
W_THA_011,2021-10,2.09
W_THA_011,2021-11,1.59
W_THA_011,2021-12,1.732
W_THA_011,2022-01,2.56
W_THA_011,2022-02,3.969
W_THA_011,2022-03,3.706
W_THA_011,2022-04,4.531
W_THA_011,2022-05,3.35
W_THA_011,2022-06,3.634
W_THA_011,2022-07,2.79
W_THA_011,2022-08,2.61
W_THA_011,2022-09,1.827
W_THA_011,2022-10,2.228
W_THA_011,2022-11,1.745
W_THA_011,2022-12,1.675
W_THA_012,2018-01,5.434
W_THA_012,2018-02,5.741
W_THA_012,2018-03,6.063
W_THA_012,2018-04,6.063
W_THA_012,2018-05,6.081
W_THA_012,2018-06,5.717
W_THA_012,2018-07,4.881
W_THA_012,2018-08,4.732
W_THA_012,2018-09,4.768
W_THA_012,2018-10,4.657
W_THA_012,2018-11,4.384
W_THA_012,2018-12,4.483
W_THA_012,2019-01,5.23
W_THA_012,2019-02,5.901
W_THA_012,2019-03,6.194
W_THA_012,2019-04,6.107
W_THA_012,2019-05,6.502
W_THA_012,2019-06,5.838
W_THA_012,2019-07,5.406
W_THA_012,2019-08,4.524
W_THA_012,2019-09,4.433
W_THA_012,2019-10,
W_THA_012,2019-11,4.256
W_THA_012,2019-12,4.792
W_THA_012,2020-01,4.716
W_THA_012,2020-02,6.017
W_THA_012,2020-03,5.896
W_THA_012,2020-04,6.429
W_THA_012,2020-05,6.544
W_THA_012,2020-06,6.027
W_THA_012,2020-07,5.533
W_THA_012,2020-08,4.958
W_THA_012,2020-09,4.656
W_THA_012,2020-10,4.919
W_THA_012,2020-11,4.535
W_THA_012,2020-12,4.506
W_THA_012,2021-01,5.119
W_THA_012,2021-02,6.486
W_THA_012,2021-03,6.42
W_THA_012,2021-04,6.299
W_THA_012,2021-05,6.008
W_THA_012,2021-06,6.305
W_THA_012,2021-07,5.345
W_THA_012,2021-08,5.321
W_THA_012,2021-09,4.896
W_THA_012,2021-10,5.019
W_THA_012,2021-11,4.516
W_THA_012,2021-12,4.494
W_THA_012,2022-01,5.525
W_THA_012,2022-02,6.147
W_THA_012,2022-03,6.516
W_THA_012,2022-04,6.65
W_THA_012,2022-05,6.828
W_THA_012,2022-06,6.19
W_THA_012,2022-07,6.147
W_THA_012,2022-08,4.917
W_THA_012,2022-09,5.006
W_THA_012,2022-10,5.409
W_THA_012,2022-11,4.246
W_THA_012,2022-12,4.997
W_THA_013,2018-01,4.946
W_THA_013,2018-02,5.285
W_THA_013,2018-03,5.573
W_THA_013,2018-04,5.755
W_THA_013,2018-05,5.917
W_THA_013,2018-06,5.371
W_THA_013,2018-07,4.683
W_THA_013,2018-08,4.657
W_THA_013,2018-09,4.212
W_THA_013,2018-10,4.498
W_THA_013,2018-11,3.349
W_THA_013,2018-12,4.168
W_THA_013,2019-01,4.273
W_THA_013,2019-02,5.271
W_THA_013,2019-03,6.002
W_THA_013,2019-04,5.953
W_THA_013,2019-05,5.582
W_THA_013,2019-06,5.544
W_THA_013,2019-07,5.06
W_THA_013,2019-08,4.167
W_THA_013,2019-09,4.344
W_THA_013,2019-10,4.427
W_THA_013,2019-11,3.911
W_THA_013,2019-12,3.553
W_THA_013,2020-01,4.902
W_THA_013,2020-02,5.578
W_THA_013,2020-03,5.831
W_THA_013,2020-04,6.029
W_THA_013,2020-05,6.131
W_THA_013,2020-06,5.706
W_THA_013,2020-07,5.556
W_THA_013,2020-08,4.796
W_THA_013,2020-09,4.94
W_THA_013,2020-10,4.524
W_THA_013,2020-11,3.999
W_THA_013,2020-12,3.858
W_THA_013,2021-01,4.398
W_THA_013,2021-02,5.927
W_THA_013,2021-03,5.835
W_THA_013,2021-04,6.671
W_THA_013,2021-05,6.285
W_THA_013,2021-06,5.814
W_THA_013,2021-07,5.166
W_THA_013,2021-08,5.378
W_THA_013,2021-09,4.919
W_THA_013,2021-10,4.267
W_THA_013,2021-11,3.975
W_THA_013,2021-12,4.475
W_THA_013,2022-01,4.715
W_THA_013,2022-02,6.095
W_THA_013,2022-03,5.767
W_THA_013,2022-04,6.266
W_THA_013,2022-05,6.407
W_THA_013,2022-06,6.306
W_THA_013,2022-07,5.398
W_THA_013,2022-08,5.257
W_THA_013,2022-09,
W_THA_013,2022-10,4.936
W_THA_013,2022-11,4.33
W_THA_013,2022-12,4.172
W_THA_014,2018-01,4.073
W_THA_014,2018-02,4.904
W_THA_014,2018-03,4.849
W_THA_014,2018-04,5.06
W_THA_014,2018-05,4.799
W_THA_014,2018-06,4.809
W_THA_014,2018-07,3.719
W_THA_014,2018-08,3.956
W_THA_014,2018-09,3.989
W_THA_014,2018-10,3.586
W_THA_014,2018-11,2.52
W_THA_014,2018-12,3.231
W_THA_014,2019-01,3.762
W_THA_014,2019-02,5.003
W_THA_014,2019-03,5.256
W_THA_014,2019-04,5.713
W_THA_014,2019-05,5.268
W_THA_014,2019-06,4.966
W_THA_014,2019-07,4.451
W_THA_014,2019-08,4.185
W_THA_014,2019-09,3.617
W_THA_014,2019-10,3.881
W_THA_014,2019-11,3.082
W_THA_014,2019-12,3.754
W_THA_014,2020-01,3.577
W_THA_014,2020-02,5.223
W_THA_014,2020-03,5.662
W_THA_014,2020-04,5.538
W_THA_014,2020-05,5.021
W_THA_014,2020-06,5.163
W_THA_014,2020-07,4.812
W_THA_014,2020-08,4.375
W_THA_014,2020-09,3.721
W_THA_014,2020-10,4.609
W_THA_014,2020-11,3.693
W_THA_014,2020-12,3.757
W_THA_014,2021-01,4.756
W_THA_014,2021-02,5.243
W_THA_014,2021-03,5.283
W_THA_014,2021-04,5.669
W_THA_014,2021-05,5.711
W_THA_014,2021-06,4.972
W_THA_014,2021-07,4.824
W_THA_014,2021-08,4.668
W_THA_014,2021-09,3.831
W_THA_014,2021-10,4.042
W_THA_014,2021-11,3.236
W_THA_014,2021-12,3.382
W_THA_014,2022-01,4.501
W_THA_014,2022-02,5.491
W_THA_014,2022-03,
W_THA_014,2022-04,5.953
W_THA_014,2022-05,5.745
W_THA_014,2022-06,5.424
W_THA_014,2022-07,4.882
W_THA_014,2022-08,4.426
W_THA_014,2022-09,4.177
W_THA_014,2022-10,4.573
W_THA_014,2022-11,3.563
W_THA_014,2022-12,3.955
W_THA_015,2018-01,3.325
W_THA_015,2018-02,4.094
W_THA_015,2018-03,4.012
W_THA_015,2018-04,4.315
W_THA_015,2018-05,4.017
W_THA_015,2018-06,4.207
W_THA_015,2018-07,3.676
W_THA_015,2018-08,3.076
W_THA_015,2018-09,3.142
W_THA_015,2018-10,2.302
W_THA_015,2018-11,2.054
W_THA_015,2018-12,2.646
W_THA_015,2019-01,2.521
W_THA_015,2019-02,4.055
W_THA_015,2019-03,4.422
W_THA_015,2019-04,4.401
W_THA_015,2019-05,4.435
W_THA_015,2019-06,4.409
W_THA_015,2019-07,3.765
W_THA_015,2019-08,2.852
W_THA_015,2019-09,2.471
W_THA_015,2019-10,3.184
W_THA_015,2019-11,2.082
W_THA_015,2019-12,3.181
W_THA_015,2020-01,3.071
W_THA_015,2020-02,4.383
W_THA_015,2020-03,4.528
W_THA_015,2020-04,
W_THA_015,2020-05,4.405
W_THA_015,2020-06,4.758
W_THA_015,2020-07,3.853
W_THA_015,2020-08,2.945
W_THA_015,2020-09,2.964
W_THA_015,2020-10,3.302
W_THA_015,2020-11,2.697
W_THA_015,2020-12,3.157
W_THA_015,2021-01,3.261
W_THA_015,2021-02,4.384
W_THA_015,2021-03,4.749
W_THA_015,2021-04,4.915
W_THA_015,2021-05,4.962
W_THA_015,2021-06,4.337
W_THA_015,2021-07,3.701
W_THA_015,2021-08,3.695
W_THA_015,2021-09,3.354
W_THA_015,2021-10,3.31
W_THA_015,2021-11,2.884
W_THA_015,2021-12,2.654
W_THA_015,2022-01,3.673
W_THA_015,2022-02,4.905
W_THA_015,2022-03,4.928
W_THA_015,2022-04,4.984
W_THA_015,2022-05,4.709
W_THA_015,2022-06,4.627
W_THA_015,2022-07,3.948
W_THA_015,2022-08,3.869
W_THA_015,2022-09,3.239
W_THA_015,2022-10,3.505
W_THA_015,2022-11,3.148
W_THA_015,2022-12,3.14
W_THA_016,2018-01,3.796
W_THA_016,2018-02,4.07
W_THA_016,2018-03,4.729
W_THA_016,2018-04,4.63
W_THA_016,2018-05,4.139
W_THA_016,2018-06,4.127
W_THA_016,2018-07,3.302
W_THA_016,2018-08,3.386
W_THA_016,2018-09,3.072
W_THA_016,2018-10,3.111
W_THA_016,2018-11,2.319
W_THA_016,2018-12,2.415
W_THA_016,2019-01,3.116
W_THA_016,2019-02,4.148
W_THA_016,2019-03,4.854
W_THA_016,2019-04,4.584
W_THA_016,2019-05,4.779
W_THA_016,2019-06,4.295
W_THA_016,2019-07,3.986
W_THA_016,2019-08,3.168
W_THA_016,2019-09,2.931
W_THA_016,2019-10,3.436
W_THA_016,2019-11,3.013
W_THA_016,2019-12,2.563
W_THA_016,2020-01,2.997
W_THA_016,2020-02,4.66
W_THA_016,2020-03,
W_THA_016,2020-04,5.111
W_THA_016,2020-05,4.985
W_THA_016,2020-06,4.287
W_THA_016,2020-07,4.044
W_THA_016,2020-08,3.794
W_THA_016,2020-09,3.394
W_THA_016,2020-10,3.463
W_THA_016,2020-11,2.998
W_THA_016,2020-12,2.459
W_THA_016,2021-01,2.902
W_THA_016,2021-02,4.368
W_THA_016,2021-03,5.032
W_THA_016,2021-04,4.963
W_THA_016,2021-05,4.71
W_THA_016,2021-06,5.12
W_THA_016,2021-07,3.948
W_THA_016,2021-08,3.82
W_THA_016,2021-09,3.769
W_THA_016,2021-10,4.086
W_THA_016,2021-11,2.877
W_THA_016,2021-12,3.104
W_THA_016,2022-01,3.428
W_THA_016,2022-02,4.805
W_THA_016,2022-03,4.832
W_THA_016,2022-04,5.111
W_THA_016,2022-05,5.382
W_THA_016,2022-06,5.026
W_THA_016,2022-07,4.568
W_THA_016,2022-08,3.9
W_THA_016,2022-09,3.813
W_THA_016,2022-10,3.548
W_THA_016,2022-11,3.399
W_THA_016,2022-12,3.234
W_THA_017,2018-01,3.603
W_THA_017,2018-02,4.554
W_THA_017,2018-03,4.201
W_THA_017,2018-04,4.674
W_THA_017,2018-05,4.577
W_THA_017,2018-06,4.255
W_THA_017,2018-07,3.402
W_THA_017,2018-08,2.947
W_THA_017,2018-09,2.569
W_THA_017,2018-10,3.3
W_THA_017,2018-11,2.229
W_THA_017,2018-12,2.379
W_THA_017,2019-01,3.348
W_THA_017,2019-02,4.449
W_THA_017,2019-03,4.594
W_THA_017,2019-04,4.53
W_THA_017,2019-05,3.961
W_THA_017,2019-06,4.2
W_THA_017,2019-07,3.649
W_THA_017,2019-08,3.133
W_THA_017,2019-09,2.73
W_THA_017,2019-10,3.784
W_THA_017,2019-11,2.146
W_THA_017,2019-12,2.973
W_THA_017,2020-01,3.092
W_THA_017,2020-02,4.568
W_THA_017,2020-03,4.462
W_THA_017,2020-04,5.177
W_THA_017,2020-05,4.698
W_THA_017,2020-06,4.957
W_THA_017,2020-07,4.297
W_THA_017,2020-08,3.415
W_THA_017,2020-09,3.064
W_THA_017,2020-10,3.035
W_THA_017,2020-11,2.536
W_THA_017,2020-12,3.352
W_THA_017,2021-01,3.795
W_THA_017,2021-02,4.493
W_THA_017,2021-03,5.259
W_THA_017,2021-04,5.024
W_THA_017,2021-05,4.952
W_THA_017,2021-06,4.655
W_THA_017,2021-07,4.175
W_THA_017,2021-08,3.244
W_THA_017,2021-09,3.421
W_THA_017,2021-10,3.377
W_THA_017,2021-11,3.074
W_THA_017,2021-12,3.223
W_THA_017,2022-01,3.972
W_THA_017,2022-02,4.957
W_THA_017,2022-03,5.217
W_THA_017,2022-04,4.999
W_THA_017,2022-05,5.237
W_THA_017,2022-06,4.824
W_THA_017,2022-07,4.18
W_THA_017,2022-08,3.26
W_THA_017,2022-09,
W_THA_017,2022-10,3.531
W_THA_017,2022-11,3.068
W_THA_017,2022-12,3.834
W_THA_018,2018-01,4.213
W_THA_018,2018-02,4.263
W_THA_018,2018-03,4.083
W_THA_018,2018-04,4.344
W_THA_018,2018-05,4.639
W_THA_018,2018-06,4.347
W_THA_018,2018-07,3.608
W_THA_018,2018-08,2.836
W_THA_018,2018-09,2.739
W_THA_018,2018-10,3.147
W_THA_018,2018-11,2.81
W_THA_018,2018-12,2.629
W_THA_018,2019-01,2.967
W_THA_018,2019-02,4.148
W_THA_018,2019-03,4.638
W_THA_018,2019-04,4.114
W_THA_018,2019-05,4.451
W_THA_018,2019-06,4.271
W_THA_018,2019-07,3.69
W_THA_018,2019-08,
W_THA_018,2019-09,2.845
W_THA_018,2019-10,3.052
W_THA_018,2019-11,2.5
W_THA_018,2019-12,2.94
W_THA_018,2020-01,3.298
W_THA_018,2020-02,4.678
W_THA_018,2020-03,4.572
W_THA_018,2020-04,4.942
W_THA_018,2020-05,4.311
W_THA_018,2020-06,4.359
W_THA_018,2020-07,4.224
W_THA_018,2020-08,3.332
W_THA_018,2020-09,3.405
W_THA_018,2020-10,3.117
W_THA_018,2020-11,2.73
W_THA_018,2020-12,2.571
W_THA_018,2021-01,3.741
W_THA_018,2021-02,4.932
W_THA_018,2021-03,4.719
W_THA_018,2021-04,4.694
W_THA_018,2021-05,4.528
W_THA_018,2021-06,4.662
W_THA_018,2021-07,3.942
W_THA_018,2021-08,3.807
W_THA_018,2021-09,3.538
W_THA_018,2021-10,3.2
W_THA_018,2021-11,3.054
W_THA_018,2021-12,3.343
W_THA_018,2022-01,3.556
W_THA_018,2022-02,4.563
W_THA_018,2022-03,4.985
W_THA_018,2022-04,5.02
W_THA_018,2022-05,5.303
W_THA_018,2022-06,5.056
W_THA_018,2022-07,4.38
W_THA_018,2022-08,3.653
W_THA_018,2022-09,3.427
W_THA_018,2022-10,3.942
W_THA_018,2022-11,3.145
W_THA_018,2022-12,3.324
W_THA_019,2018-01,4.731
W_THA_019,2018-02,4.767
W_THA_019,2018-03,4.897
W_THA_019,2018-04,5.23
W_THA_019,2018-05,5.71
W_THA_019,2018-06,4.795
W_THA_019,2018-07,4.669
W_THA_019,2018-08,3.721
W_THA_019,2018-09,3.629
W_THA_019,2018-10,3.959
W_THA_019,2018-11,3.096
W_THA_019,2018-12,3.286
W_THA_019,2019-01,3.976
W_THA_019,2019-02,4.8
W_THA_019,2019-03,5.639
W_THA_019,2019-04,5.279
W_THA_019,2019-05,5.532
W_THA_019,2019-06,5.013
W_THA_019,2019-07,4.427
W_THA_019,2019-08,4.132
W_THA_019,2019-09,4.01
W_THA_019,2019-10,4.182
W_THA_019,2019-11,3.05
W_THA_019,2019-12,3.304
W_THA_019,2020-01,3.764
W_THA_019,2020-02,5.077
W_THA_019,2020-03,5.795
W_THA_019,2020-04,5.684
W_THA_019,2020-05,5.822
W_THA_019,2020-06,5.098
W_THA_019,2020-07,4.651
W_THA_019,2020-08,4.298
W_THA_019,2020-09,3.696
W_THA_019,2020-10,4.429
W_THA_019,2020-11,3.279
W_THA_019,2020-12,3.498
W_THA_019,2021-01,4.226
W_THA_019,2021-02,5.664
W_THA_019,2021-03,5.952
W_THA_019,2021-04,5.929
W_THA_019,2021-05,6.164
W_THA_019,2021-06,5.306
W_THA_019,2021-07,4.32
W_THA_019,2021-08,4.649
W_THA_019,2021-09,
W_THA_019,2021-10,4.451
W_THA_019,2021-11,4.11
W_THA_019,2021-12,4.066
W_THA_019,2022-01,4.566
W_THA_019,2022-02,5.42
W_THA_019,2022-03,6.167
W_THA_019,2022-04,6.235
W_THA_019,2022-05,6.138
W_THA_019,2022-06,5.746
W_THA_019,2022-07,4.851
W_THA_019,2022-08,4.652
W_THA_019,2022-09,4.586
W_THA_019,2022-10,4.367
W_THA_019,2022-11,4.001
W_THA_019,2022-12,4.628
W_THA_020,2018-01,4.774
W_THA_020,2018-02,5.335
W_THA_020,2018-03,6.213
W_THA_020,2018-04,5.422
W_THA_020,2018-05,5.353
W_THA_020,2018-06,5.363
W_THA_020,2018-07,4.402
W_THA_020,2018-08,4.08
W_THA_020,2018-09,3.662
W_THA_020,2018-10,4.08
W_THA_020,2018-11,2.965
W_THA_020,2018-12,3.554
W_THA_020,2019-01,3.865
W_THA_020,2019-02,5.235
W_THA_020,2019-03,5.759
W_THA_020,2019-04,5.818
W_THA_020,2019-05,5.71
W_THA_020,2019-06,5.573
W_THA_020,2019-07,4.658
W_THA_020,2019-08,4.423
W_THA_020,2019-09,3.85
W_THA_020,2019-10,4.348
W_THA_020,2019-11,3.53
W_THA_020,2019-12,3.524
W_THA_020,2020-01,4.34
W_THA_020,2020-02,6.124
W_THA_020,2020-03,5.417
W_THA_020,2020-04,5.937
W_THA_020,2020-05,5.378
W_THA_020,2020-06,5.963
W_THA_020,2020-07,5.466
W_THA_020,2020-08,4.956
W_THA_020,2020-09,4.732
W_THA_020,2020-10,4.362
W_THA_020,2020-11,3.655
W_THA_020,2020-12,3.748
W_THA_020,2021-01,4.416
W_THA_020,2021-02,5.909
W_THA_020,2021-03,6.14
W_THA_020,2021-04,
W_THA_020,2021-05,6.485
W_THA_020,2021-06,5.413
W_THA_020,2021-07,4.811
W_THA_020,2021-08,5.024
W_THA_020,2021-09,4.078
W_THA_020,2021-10,4.251
W_THA_020,2021-11,3.877
W_THA_020,2021-12,4.227
W_THA_020,2022-01,4.912
W_THA_020,2022-02,6.133
W_THA_020,2022-03,6.299
W_THA_020,2022-04,6.007
W_THA_020,2022-05,6.109
W_THA_020,2022-06,5.839
W_THA_020,2022-07,5.553
W_THA_020,2022-08,5.031
W_THA_020,2022-09,4.429
W_THA_020,2022-10,4.393
W_THA_020,2022-11,4.159
W_THA_020,2022-12,4.019
W_THA_021,2018-01,3.013
W_THA_021,2018-02,3.452
W_THA_021,2018-03,3.493
W_THA_021,2018-04,3.85
W_THA_021,2018-05,3.849
W_THA_021,2018-06,3.96
W_THA_021,2018-07,3.077
W_THA_021,2018-08,
W_THA_021,2018-09,2.035
W_THA_021,2018-10,2.397
W_THA_021,2018-11,1.924
W_THA_021,2018-12,1.969
W_THA_021,2019-01,2.374
W_THA_021,2019-02,3.946
W_THA_021,2019-03,3.904
W_THA_021,2019-04,3.458
W_THA_021,2019-05,4.626
W_THA_021,2019-06,3.605
W_THA_021,2019-07,2.869
W_THA_021,2019-08,2.786
W_THA_021,2019-09,2.322
W_THA_021,2019-10,2.773
W_THA_021,2019-11,1.892
W_THA_021,2019-12,2.362
W_THA_021,2020-01,2.396
W_THA_021,2020-02,3.235
W_THA_021,2020-03,4.158
W_THA_021,2020-04,3.914
W_THA_021,2020-05,3.687
W_THA_021,2020-06,3.867
W_THA_021,2020-07,3.286
W_THA_021,2020-08,3.063
W_THA_021,2020-09,2.88
W_THA_021,2020-10,2.615
W_THA_021,2020-11,1.681
W_THA_021,2020-12,2.537
W_THA_021,2021-01,2.839
W_THA_021,2021-02,3.673
W_THA_021,2021-03,4.756
W_THA_021,2021-04,4.132
W_THA_021,2021-05,4.57
W_THA_021,2021-06,4.165
W_THA_021,2021-07,3.023
W_THA_021,2021-08,2.925
W_THA_021,2021-09,2.964
W_THA_021,2021-10,3.091
W_THA_021,2021-11,1.993
W_THA_021,2021-12,2.171
W_THA_021,2022-01,2.696
W_THA_021,2022-02,4.415
W_THA_021,2022-03,4.646
W_THA_021,2022-04,4.472
W_THA_021,2022-05,4.146
W_THA_021,2022-06,4.169
W_THA_021,2022-07,3.605
W_THA_021,2022-08,3.232
W_THA_021,2022-09,2.345
W_THA_021,2022-10,3.247
W_THA_021,2022-11,2.301
W_THA_021,2022-12,2.898
W_THA_022,2018-01,3.025
W_THA_022,2018-02,3.318
W_THA_022,2018-03,3.78
W_THA_022,2018-04,3.692
W_THA_022,2018-05,3.701
W_THA_022,2018-06,3.452
W_THA_022,2018-07,2.493
W_THA_022,2018-08,2.691
W_THA_022,2018-09,2.67
W_THA_022,2018-10,2.267
W_THA_022,2018-11,1.878
W_THA_022,2018-12,1.925
W_THA_022,2019-01,1.835
W_THA_022,2019-02,3.397
W_THA_022,2019-03,4.351
W_THA_022,2019-04,4.557
W_THA_022,2019-05,3.99
W_THA_022,2019-06,3.532
W_THA_022,2019-07,3.238
W_THA_022,2019-08,2.516
W_THA_022,2019-09,2.418
W_THA_022,2019-10,2.621
W_THA_022,2019-11,1.727
W_THA_022,2019-12,2.397
W_THA_022,2020-01,2.626
W_THA_022,2020-02,4.306
W_THA_022,2020-03,4.399
W_THA_022,2020-04,4.248
W_THA_022,2020-05,3.81
W_THA_022,2020-06,3.635
W_THA_022,2020-07,3.571
W_THA_022,2020-08,3.194
W_THA_022,2020-09,2.386
W_THA_022,2020-10,2.727
W_THA_022,2020-11,1.944
W_THA_022,2020-12,2.11
W_THA_022,2021-01,2.311
W_THA_022,2021-02,3.958
W_THA_022,2021-03,4.324
W_THA_022,2021-04,4.288
W_THA_022,2021-05,4.057
W_THA_022,2021-06,4.112
W_THA_022,2021-07,3.184
W_THA_022,2021-08,3.269
W_THA_022,2021-09,2.917
W_THA_022,2021-10,2.767
W_THA_022,2021-11,2.445
W_THA_022,2021-12,2.197
W_THA_022,2022-01,2.893
W_THA_022,2022-02,
W_THA_022,2022-03,4.659
W_THA_022,2022-04,4.505
W_THA_022,2022-05,4.547
W_THA_022,2022-06,4.331
W_THA_022,2022-07,3.578
W_THA_022,2022-08,3.228
W_THA_022,2022-09,2.904
W_THA_022,2022-10,2.703
W_THA_022,2022-11,2.748
W_THA_022,2022-12,3.067
W_THA_023,2018-01,4.469
W_THA_023,2018-02,4.661
W_THA_023,2018-03,5.118
W_THA_023,2018-04,5.335
W_THA_023,2018-05,4.901
W_THA_023,2018-06,4.88
W_THA_023,2018-07,4.478
W_THA_023,2018-08,4.039
W_THA_023,2018-09,3.774
W_THA_023,2018-10,3.927
W_THA_023,2018-11,3.113
W_THA_023,2018-12,2.985
W_THA_023,2019-01,3.8
W_THA_023,2019-02,5.064
W_THA_023,2019-03,5.356
W_THA_023,2019-04,5.055
W_THA_023,2019-05,5.372
W_THA_023,2019-06,4.797
W_THA_023,2019-07,4.415
W_THA_023,2019-08,4.425
W_THA_023,2019-09,3.302
W_THA_023,2019-10,3.711
W_THA_023,2019-11,3.131
W_THA_023,2019-12,3.764
W_THA_023,2020-01,4.653
W_THA_023,2020-02,5.183
W_THA_023,2020-03,5.335
W_THA_023,2020-04,5.381
W_THA_023,2020-05,4.859
W_THA_023,2020-06,5.07
W_THA_023,2020-07,4.534
W_THA_023,2020-08,4.527
W_THA_023,2020-09,3.339
W_THA_023,2020-10,3.882
W_THA_023,2020-11,3.379
W_THA_023,2020-12,3.271
W_THA_023,2021-01,4.235
W_THA_023,2021-02,5.221
W_THA_023,2021-03,5.674
W_THA_023,2021-04,5.535
W_THA_023,2021-05,5.472
W_THA_023,2021-06,
W_THA_023,2021-07,4.687
W_THA_023,2021-08,4.542
W_THA_023,2021-09,4.198
W_THA_023,2021-10,3.862
W_THA_023,2021-11,3.241
W_THA_023,2021-12,3.253
W_THA_023,2022-01,4.195
W_THA_023,2022-02,5.68
W_THA_023,2022-03,5.822
W_THA_023,2022-04,5.561
W_THA_023,2022-05,5.334
W_THA_023,2022-06,5.511
W_THA_023,2022-07,4.957
W_THA_023,2022-08,4.29
W_THA_023,2022-09,3.943
W_THA_023,2022-10,4.17
W_THA_023,2022-11,3.548
W_THA_023,2022-12,3.644
W_THA_024,2018-01,4.535
W_THA_024,2018-02,4.917
W_THA_024,2018-03,5.504
W_THA_024,2018-04,5.275
W_THA_024,2018-05,5.267
W_THA_024,2018-06,5.462
W_THA_024,2018-07,4.035
W_THA_024,2018-08,3.517
W_THA_024,2018-09,
W_THA_024,2018-10,3.763
W_THA_024,2018-11,3.694
W_THA_024,2018-12,3.713
W_THA_024,2019-01,4.089
W_THA_024,2019-02,5.289
W_THA_024,2019-03,5.138
W_THA_024,2019-04,5.478
W_THA_024,2019-05,5.949
W_THA_024,2019-06,4.874
W_THA_024,2019-07,4.474
W_THA_024,2019-08,3.934
W_THA_024,2019-09,3.942
W_THA_024,2019-10,4.291
W_THA_024,2019-11,3.133
W_THA_024,2019-12,3.69
W_THA_024,2020-01,4.424
W_THA_024,2020-02,5.335
W_THA_024,2020-03,5.301
W_THA_024,2020-04,5.786
W_THA_024,2020-05,6.066
W_THA_024,2020-06,4.98
W_THA_024,2020-07,4.639
W_THA_024,2020-08,4.365
W_THA_024,2020-09,4.238
W_THA_024,2020-10,4.231
W_THA_024,2020-11,3.727
W_THA_024,2020-12,4.304
W_THA_024,2021-01,4.171
W_THA_024,2021-02,5.227
W_THA_024,2021-03,5.803
W_THA_024,2021-04,6.208
W_THA_024,2021-05,5.771
W_THA_024,2021-06,5.654
W_THA_024,2021-07,4.807
W_THA_024,2021-08,4.496
W_THA_024,2021-09,4.205
W_THA_024,2021-10,4.552
W_THA_024,2021-11,3.536
W_THA_024,2021-12,3.778
W_THA_024,2022-01,4.089
W_THA_024,2022-02,5.532
W_THA_024,2022-03,5.87
W_THA_024,2022-04,6.027
W_THA_024,2022-05,5.824
W_THA_024,2022-06,5.379
W_THA_024,2022-07,5.184
W_THA_024,2022-08,4.742
W_THA_024,2022-09,4.114
W_THA_024,2022-10,4.616
W_THA_024,2022-11,3.741
W_THA_024,2022-12,4.093
W_THA_025,2018-01,3.999
W_THA_025,2018-02,4.299
W_THA_025,2018-03,5.321
W_THA_025,2018-04,4.967
W_THA_025,2018-05,4.983
W_THA_025,2018-06,5.013
W_THA_025,2018-07,4.334
W_THA_025,2018-08,3.448
W_THA_025,2018-09,3.191
W_THA_025,2018-10,4.22
W_THA_025,2018-11,2.908
W_THA_025,2018-12,3.348
W_THA_025,2019-01,3.644
W_THA_025,2019-02,4.7
W_THA_025,2019-03,5.078
W_THA_025,2019-04,5.192
W_THA_025,2019-05,
W_THA_025,2019-06,4.208
W_THA_025,2019-07,4.026
W_THA_025,2019-08,3.668
W_THA_025,2019-09,2.998
W_THA_025,2019-10,3.505
W_THA_025,2019-11,2.483
W_THA_025,2019-12,3.808
W_THA_025,2020-01,3.63
W_THA_025,2020-02,4.857
W_THA_025,2020-03,5.415
W_THA_025,2020-04,5.281
W_THA_025,2020-05,5.409
W_THA_025,2020-06,4.907
W_THA_025,2020-07,4.396
W_THA_025,2020-08,4.018
W_THA_025,2020-09,3.998
W_THA_025,2020-10,3.687
W_THA_025,2020-11,2.62
W_THA_025,2020-12,3.522
W_THA_025,2021-01,4.094
W_THA_025,2021-02,4.923
W_THA_025,2021-03,5.182
W_THA_025,2021-04,5.345
W_THA_025,2021-05,4.899
W_THA_025,2021-06,4.893
W_THA_025,2021-07,4.247
W_THA_025,2021-08,4.384
W_THA_025,2021-09,3.856
W_THA_025,2021-10,4.171
W_THA_025,2021-11,2.99
W_THA_025,2021-12,4.115
W_THA_025,2022-01,3.959
W_THA_025,2022-02,4.994
W_THA_025,2022-03,5.914
W_THA_025,2022-04,5.382
W_THA_025,2022-05,5.698
W_THA_025,2022-06,6.081
W_THA_025,2022-07,4.636
W_THA_025,2022-08,3.791
W_THA_025,2022-09,3.97
W_THA_025,2022-10,4.062
W_THA_025,2022-11,3.298
W_THA_025,2022-12,3.942
W_THA_026,2018-01,4.499
W_THA_026,2018-02,4.448
W_THA_026,2018-03,4.987
W_THA_026,2018-04,5.486
W_THA_026,2018-05,4.923
W_THA_026,2018-06,5.073
W_THA_026,2018-07,4.099
W_THA_026,2018-08,4.187
W_THA_026,2018-09,3.358
W_THA_026,2018-10,3.95
W_THA_026,2018-11,3.348
W_THA_026,2018-12,3.419
W_THA_026,2019-01,3.795
W_THA_026,2019-02,4.711
W_THA_026,2019-03,
W_THA_026,2019-04,5.923
W_THA_026,2019-05,5.165
W_THA_026,2019-06,4.642
W_THA_026,2019-07,4.495
W_THA_026,2019-08,4.001
W_THA_026,2019-09,3.752
W_THA_026,2019-10,3.994
W_THA_026,2019-11,2.997
W_THA_026,2019-12,3.118
W_THA_026,2020-01,4.008
W_THA_026,2020-02,5.546
W_THA_026,2020-03,5.4
W_THA_026,2020-04,5.664
W_THA_026,2020-05,5.701
W_THA_026,2020-06,5.111
W_THA_026,2020-07,4.489
W_THA_026,2020-08,4.229
W_THA_026,2020-09,4.264
W_THA_026,2020-10,4.216
W_THA_026,2020-11,3.581
W_THA_026,2020-12,3.458
W_THA_026,2021-01,4.591
W_THA_026,2021-02,5.388
W_THA_026,2021-03,5.654
W_THA_026,2021-04,5.935
W_THA_026,2021-05,5.918
W_THA_026,2021-06,5.394
W_THA_026,2021-07,4.873
W_THA_026,2021-08,4.967
W_THA_026,2021-09,4.39
W_THA_026,2021-10,4.207
W_THA_026,2021-11,3.336
W_THA_026,2021-12,3.498
W_THA_026,2022-01,4.251
W_THA_026,2022-02,5.372
W_THA_026,2022-03,5.545
W_THA_026,2022-04,5.86
W_THA_026,2022-05,5.863
W_THA_026,2022-06,5.384
W_THA_026,2022-07,4.609
W_THA_026,2022-08,4.774
W_THA_026,2022-09,4.415
W_THA_026,2022-10,4.422
W_THA_026,2022-11,3.813
W_THA_026,2022-12,4.123
W_THA_027,2018-01,4.835
W_THA_027,2018-02,5.075
W_THA_027,2018-03,5.291
W_THA_027,2018-04,5.377
W_THA_027,2018-05,5.62
W_THA_027,2018-06,5.694
W_THA_027,2018-07,4.639
W_THA_027,2018-08,4.447
W_THA_027,2018-09,4.157
W_THA_027,2018-10,4.032
W_THA_027,2018-11,2.981
W_THA_027,2018-12,3.534
W_THA_027,2019-01,4.38
W_THA_027,2019-02,5.267
W_THA_027,2019-03,5.903
W_THA_027,2019-04,5.468
W_THA_027,2019-05,5.803
W_THA_027,2019-06,5.229
W_THA_027,2019-07,4.539
W_THA_027,2019-08,4.594
W_THA_027,2019-09,4.18
W_THA_027,2019-10,3.948
W_THA_027,2019-11,3.782
W_THA_027,2019-12,3.947
W_THA_027,2020-01,4.489
W_THA_027,2020-02,5.738
W_THA_027,2020-03,5.852
W_THA_027,2020-04,6.159
W_THA_027,2020-05,5.704
W_THA_027,2020-06,5.794
W_THA_027,2020-07,4.443
W_THA_027,2020-08,4.636
W_THA_027,2020-09,4.192
W_THA_027,2020-10,4.407
W_THA_027,2020-11,4.171
W_THA_027,2020-12,4.421
W_THA_027,2021-01,4.675
W_THA_027,2021-02,5.705
W_THA_027,2021-03,5.553
W_THA_027,2021-04,6.149
W_THA_027,2021-05,6.111
W_THA_027,2021-06,5.599
W_THA_027,2021-07,4.884
W_THA_027,2021-08,5.207
W_THA_027,2021-09,4.833
W_THA_027,2021-10,4.45
W_THA_027,2021-11,4.114
W_THA_027,2021-12,4.189
W_THA_027,2022-01,4.73
W_THA_027,2022-02,5.647
W_THA_027,2022-03,
W_THA_027,2022-04,6.18
W_THA_027,2022-05,5.732
W_THA_027,2022-06,5.933
W_THA_027,2022-07,5.757
W_THA_027,2022-08,4.544
W_THA_027,2022-09,4.669
W_THA_027,2022-10,5.006
W_THA_027,2022-11,3.968
W_THA_027,2022-12,4.551
W_THA_028,2018-01,4.531
W_THA_028,2018-02,4.913
W_THA_028,2018-03,5.458
W_THA_028,2018-04,5.476
W_THA_028,2018-05,5.427
W_THA_028,2018-06,4.887
W_THA_028,2018-07,4.304
W_THA_028,2018-08,4.267
W_THA_028,2018-09,4.228
W_THA_028,2018-10,4.152
W_THA_028,2018-11,3.437
W_THA_028,2018-12,3.297
W_THA_028,2019-01,
W_THA_028,2019-02,4.963
W_THA_028,2019-03,5.737
W_THA_028,2019-04,5.356
W_THA_028,2019-05,4.929
W_THA_028,2019-06,5.858
W_THA_028,2019-07,4.609
W_THA_028,2019-08,4.169
W_THA_028,2019-09,3.937
W_THA_028,2019-10,3.666
W_THA_028,2019-11,3.298
W_THA_028,2019-12,3.475
W_THA_028,2020-01,3.871
W_THA_028,2020-02,5.141
W_THA_028,2020-03,5.77
W_THA_028,2020-04,5.738
W_THA_028,2020-05,5.586
W_THA_028,2020-06,5.187
W_THA_028,2020-07,4.656
W_THA_028,2020-08,4.337
W_THA_028,2020-09,4.214
W_THA_028,2020-10,4.337
W_THA_028,2020-11,3.621
W_THA_028,2020-12,3.837
W_THA_028,2021-01,4.409
W_THA_028,2021-02,5.691
W_THA_028,2021-03,5.71
W_THA_028,2021-04,5.795
W_THA_028,2021-05,6.02
W_THA_028,2021-06,5.864
W_THA_028,2021-07,5.029
W_THA_028,2021-08,4.722
W_THA_028,2021-09,4.428
W_THA_028,2021-10,4.076
W_THA_028,2021-11,3.466
W_THA_028,2021-12,3.901
W_THA_028,2022-01,4.455
W_THA_028,2022-02,5.728
W_THA_028,2022-03,6.043
W_THA_028,2022-04,6.244
W_THA_028,2022-05,5.753
W_THA_028,2022-06,5.783
W_THA_028,2022-07,4.717
W_THA_028,2022-08,4.543
W_THA_028,2022-09,4.567
W_THA_028,2022-10,4.352
W_THA_028,2022-11,3.844
W_THA_028,2022-12,3.883
W_THA_029,2018-01,4.823
W_THA_029,2018-02,4.404
W_THA_029,2018-03,4.924
W_THA_029,2018-04,5.342
W_THA_029,2018-05,5.374
W_THA_029,2018-06,4.966
W_THA_029,2018-07,4.443
W_THA_029,2018-08,3.65
W_THA_029,2018-09,3.532
W_THA_029,2018-10,3.594
W_THA_029,2018-11,2.822
W_THA_029,2018-12,3.279
W_THA_029,2019-01,3.543
W_THA_029,2019-02,4.663
W_THA_029,2019-03,5.276
W_THA_029,2019-04,5.768
W_THA_029,2019-05,4.949
W_THA_029,2019-06,4.727
W_THA_029,2019-07,4.386
W_THA_029,2019-08,3.638
W_THA_029,2019-09,3.434
W_THA_029,2019-10,4.027
W_THA_029,2019-11,3.045
W_THA_029,2019-12,3.522
W_THA_029,2020-01,4.331
W_THA_029,2020-02,5.302
W_THA_029,2020-03,5.047
W_THA_029,2020-04,5.359
W_THA_029,2020-05,5.849
W_THA_029,2020-06,5.138
W_THA_029,2020-07,
W_THA_029,2020-08,4.401
W_THA_029,2020-09,4.08
W_THA_029,2020-10,4.457
W_THA_029,2020-11,3.53
W_THA_029,2020-12,3.886
W_THA_029,2021-01,4.35
W_THA_029,2021-02,4.879
W_THA_029,2021-03,5.589
W_THA_029,2021-04,5.609
W_THA_029,2021-05,5.628
W_THA_029,2021-06,5.278
W_THA_029,2021-07,4.498
W_THA_029,2021-08,4.609
W_THA_029,2021-09,4.023
W_THA_029,2021-10,4.496
W_THA_029,2021-11,3.257
W_THA_029,2021-12,3.512
W_THA_029,2022-01,3.792
W_THA_029,2022-02,5.047
W_THA_029,2022-03,6.235
W_THA_029,2022-04,5.528
W_THA_029,2022-05,5.824
W_THA_029,2022-06,5.715
W_THA_029,2022-07,5.044
W_THA_029,2022-08,4.797
W_THA_029,2022-09,4.725
W_THA_029,2022-10,4.347
W_THA_029,2022-11,3.627
W_THA_029,2022-12,4.249
W_THA_030,2018-01,2.464
W_THA_030,2018-02,2.631
W_THA_030,2018-03,2.974
W_THA_030,2018-04,3.095
W_THA_030,2018-05,3.112
W_THA_030,2018-06,3.001
W_THA_030,2018-07,2.068
W_THA_030,2018-08,2.691
W_THA_030,2018-09,0.986
W_THA_030,2018-10,2.065
W_THA_030,2018-11,1.054
W_THA_030,2018-12,1.204
W_THA_030,2019-01,1.755
W_THA_030,2019-02,
W_THA_030,2019-03,3.21
W_THA_030,2019-04,3.334
W_THA_030,2019-05,3.288
W_THA_030,2019-06,2.882
W_THA_030,2019-07,2.674
W_THA_030,2019-08,2.272
W_THA_030,2019-09,1.755
W_THA_030,2019-10,2.231
W_THA_030,2019-11,1.513
W_THA_030,2019-12,1.683
W_THA_030,2020-01,1.942
W_THA_030,2020-02,3.226
W_THA_030,2020-03,3.613
W_THA_030,2020-04,3.888
W_THA_030,2020-05,3.496
W_THA_030,2020-06,3.421
W_THA_030,2020-07,2.821
W_THA_030,2020-08,1.98
W_THA_030,2020-09,1.699
W_THA_030,2020-10,2.418
W_THA_030,2020-11,1.408
W_THA_030,2020-12,1.529
W_THA_030,2021-01,2.467
W_THA_030,2021-02,3.008
W_THA_030,2021-03,4.006
W_THA_030,2021-04,3.917
W_THA_030,2021-05,3.799
W_THA_030,2021-06,3.17
W_THA_030,2021-07,2.877
W_THA_030,2021-08,2.267
W_THA_030,2021-09,2.358
W_THA_030,2021-10,2.289
W_THA_030,2021-11,1.632
W_THA_030,2021-12,1.507
W_THA_030,2022-01,2.097
W_THA_030,2022-02,3.442
W_THA_030,2022-03,3.981
W_THA_030,2022-04,3.816
W_THA_030,2022-05,3.508
W_THA_030,2022-06,3.724
W_THA_030,2022-07,3.044
W_THA_030,2022-08,2.54
W_THA_030,2022-09,2.186
W_THA_030,2022-10,2.157
W_THA_030,2022-11,1.603
W_THA_030,2022-12,2.028
W_THA_031,2018-01,4.885
W_THA_031,2018-02,5.284
W_THA_031,2018-03,6.061
W_THA_031,2018-04,5.772
W_THA_031,2018-05,5.422
W_THA_031,2018-06,5.426
W_THA_031,2018-07,4.087
W_THA_031,2018-08,4.361
W_THA_031,2018-09,3.951
W_THA_031,2018-10,3.78
W_THA_031,2018-11,3.184
W_THA_031,2018-12,4.009
W_THA_031,2019-01,4.181
W_THA_031,2019-02,5.302
W_THA_031,2019-03,5.892
W_THA_031,2019-04,5.876
W_THA_031,2019-05,5.979
W_THA_031,2019-06,5.394
W_THA_031,2019-07,4.869
W_THA_031,2019-08,5.065
W_THA_031,2019-09,4.249
W_THA_031,2019-10,4.337
W_THA_031,2019-11,3.919
W_THA_031,2019-12,4.212
W_THA_031,2020-01,4.924
W_THA_031,2020-02,5.622
W_THA_031,2020-03,5.984
W_THA_031,2020-04,6.254
W_THA_031,2020-05,6.044
W_THA_031,2020-06,5.6
W_THA_031,2020-07,5.428
W_THA_031,2020-08,4.278
W_THA_031,2020-09,4.492
W_THA_031,2020-10,4.593
W_THA_031,2020-11,3.623
W_THA_031,2020-12,4.302
W_THA_031,2021-01,4.458
W_THA_031,2021-02,5.607
W_THA_031,2021-03,6.035
W_THA_031,2021-04,6.628
W_THA_031,2021-05,6.303
W_THA_031,2021-06,5.313
W_THA_031,2021-07,5.232
W_THA_031,2021-08,4.919
W_THA_031,2021-09,4.531
W_THA_031,2021-10,4.639
W_THA_031,2021-11,3.783
W_THA_031,2021-12,4.283
W_THA_031,2022-01,4.724
W_THA_031,2022-02,5.871
W_THA_031,2022-03,6.015
W_THA_031,2022-04,
W_THA_031,2022-05,5.712
W_THA_031,2022-06,5.98
W_THA_031,2022-07,4.69
W_THA_031,2022-08,5.02
W_THA_031,2022-09,4.372
W_THA_031,2022-10,5.016
W_THA_031,2022-11,4.034
W_THA_031,2022-12,4.975
W_THA_032,2018-01,3.589
W_THA_032,2018-02,3.84
W_THA_032,2018-03,4.05
W_THA_032,2018-04,3.922
W_THA_032,2018-05,3.998
W_THA_032,2018-06,3.916
W_THA_032,2018-07,3.499
W_THA_032,2018-08,2.603
W_THA_032,2018-09,2.506
W_THA_032,2018-10,2.271
W_THA_032,2018-11,2.227
W_THA_032,2018-12,2.401
W_THA_032,2019-01,2.791
W_THA_032,2019-02,3.977
W_THA_032,2019-03,
W_THA_032,2019-04,4.392
W_THA_032,2019-05,4.325
W_THA_032,2019-06,3.876
W_THA_032,2019-07,3.136
W_THA_032,2019-08,3.266
W_THA_032,2019-09,2.464
W_THA_032,2019-10,3.019
W_THA_032,2019-11,2.002
W_THA_032,2019-12,2.343
W_THA_032,2020-01,3.058
W_THA_032,2020-02,4.604
W_THA_032,2020-03,4.423
W_THA_032,2020-04,4.478
W_THA_032,2020-05,4.557
W_THA_032,2020-06,3.925
W_THA_032,2020-07,3.604
W_THA_032,2020-08,3.122
W_THA_032,2020-09,2.553
W_THA_032,2020-10,3.386
W_THA_032,2020-11,2.304
W_THA_032,2020-12,2.476
W_THA_032,2021-01,2.893
W_THA_032,2021-02,3.999
W_THA_032,2021-03,4.511
W_THA_032,2021-04,3.949
W_THA_032,2021-05,4.69
W_THA_032,2021-06,3.875
W_THA_032,2021-07,3.088
W_THA_032,2021-08,3.664
W_THA_032,2021-09,3.273
W_THA_032,2021-10,2.802
W_THA_032,2021-11,2.754
W_THA_032,2021-12,2.748
W_THA_032,2022-01,3.288
W_THA_032,2022-02,4.36
W_THA_032,2022-03,4.478
W_THA_032,2022-04,4.691
W_THA_032,2022-05,5.329
W_THA_032,2022-06,4.484
W_THA_032,2022-07,3.727
W_THA_032,2022-08,3.542
W_THA_032,2022-09,3.16
W_THA_032,2022-10,3.114
W_THA_032,2022-11,2.577
W_THA_032,2022-12,2.665
W_THA_033,2018-01,6.002
W_THA_033,2018-02,6.033
W_THA_033,2018-03,6.578
W_THA_033,2018-04,
W_THA_033,2018-05,6.735
W_THA_033,2018-06,6.424
W_THA_033,2018-07,5.867
W_THA_033,2018-08,5.162
W_THA_033,2018-09,5.176
W_THA_033,2018-10,4.906
W_THA_033,2018-11,4.71
W_THA_033,2018-12,5.228
W_THA_033,2019-01,5.264
W_THA_033,2019-02,6.633
W_THA_033,2019-03,6.631
W_THA_033,2019-04,6.949
W_THA_033,2019-05,6.585
W_THA_033,2019-06,5.956
W_THA_033,2019-07,5.919
W_THA_033,2019-08,5.75
W_THA_033,2019-09,5.105
W_THA_033,2019-10,5.284
W_THA_033,2019-11,4.735
W_THA_033,2019-12,5.208
W_THA_033,2020-01,5.859
W_THA_033,2020-02,6.942
W_THA_033,2020-03,7.119
W_THA_033,2020-04,6.868
W_THA_033,2020-05,6.822
W_THA_033,2020-06,6.097
W_THA_033,2020-07,6.108
W_THA_033,2020-08,5.889
W_THA_033,2020-09,5.945
W_THA_033,2020-10,4.819
W_THA_033,2020-11,4.891
W_THA_033,2020-12,4.881
W_THA_033,2021-01,5.547
W_THA_033,2021-02,6.65
W_THA_033,2021-03,7.749
W_THA_033,2021-04,7.567
W_THA_033,2021-05,7.262
W_THA_033,2021-06,6.913
W_THA_033,2021-07,5.587
W_THA_033,2021-08,5.945
W_THA_033,2021-09,5.599
W_THA_033,2021-10,5.899
W_THA_033,2021-11,4.878
W_THA_033,2021-12,4.951
W_THA_033,2022-01,6.192
W_THA_033,2022-02,6.817
W_THA_033,2022-03,7.372
W_THA_033,2022-04,7.543
W_THA_033,2022-05,7.849
W_THA_033,2022-06,7.117
W_THA_033,2022-07,6.572
W_THA_033,2022-08,6.241
W_THA_033,2022-09,5.996
W_THA_033,2022-10,5.736
W_THA_033,2022-11,5.304
W_THA_033,2022-12,5.903
W_THA_034,2018-01,3.821
W_THA_034,2018-02,5.063
W_THA_034,2018-03,5.239
W_THA_034,2018-04,5.667
W_THA_034,2018-05,5.519
W_THA_034,2018-06,5.193
W_THA_034,2018-07,4.815
W_THA_034,2018-08,4.066
W_THA_034,2018-09,3.574
W_THA_034,2018-10,3.591
W_THA_034,2018-11,3.435
W_THA_034,2018-12,4.208
W_THA_034,2019-01,4.259
W_THA_034,2019-02,5.32
W_THA_034,2019-03,
W_THA_034,2019-04,5.912
W_THA_034,2019-05,5.989
W_THA_034,2019-06,5.237
W_THA_034,2019-07,4.392
W_THA_034,2019-08,4.001
W_THA_034,2019-09,3.586
W_THA_034,2019-10,4.325
W_THA_034,2019-11,3.792
W_THA_034,2019-12,3.97
W_THA_034,2020-01,4.672
W_THA_034,2020-02,5.499
W_THA_034,2020-03,5.667
W_THA_034,2020-04,5.778
W_THA_034,2020-05,5.744
W_THA_034,2020-06,6.069
W_THA_034,2020-07,5.093
W_THA_034,2020-08,4.829
W_THA_034,2020-09,4.695
W_THA_034,2020-10,4.157
W_THA_034,2020-11,4.353
W_THA_034,2020-12,3.793
W_THA_034,2021-01,4.57
W_THA_034,2021-02,6.002
W_THA_034,2021-03,6.027
W_THA_034,2021-04,6.169
W_THA_034,2021-05,5.91
W_THA_034,2021-06,5.562
W_THA_034,2021-07,5.02
W_THA_034,2021-08,4.661
W_THA_034,2021-09,4.477
W_THA_034,2021-10,4.591
W_THA_034,2021-11,4.02
W_THA_034,2021-12,4.064
W_THA_034,2022-01,4.422
W_THA_034,2022-02,5.751
W_THA_034,2022-03,5.938
W_THA_034,2022-04,6.263
W_THA_034,2022-05,6.329
W_THA_034,2022-06,6.023
W_THA_034,2022-07,5.336
W_THA_034,2022-08,4.909
W_THA_034,2022-09,4.325
W_THA_034,2022-10,5.158
W_THA_034,2022-11,4.348
W_THA_034,2022-12,4.158
W_THA_035,2018-01,4.027
W_THA_035,2018-02,4.437
W_THA_035,2018-03,4.626
W_THA_035,2018-04,4.507
W_THA_035,2018-05,4.965
W_THA_035,2018-06,4.587
W_THA_035,2018-07,3.761
W_THA_035,2018-08,3.372
W_THA_035,2018-09,2.841
W_THA_035,2018-10,2.858
W_THA_035,2018-11,2.681
W_THA_035,2018-12,3.306
W_THA_035,2019-01,3.585
W_THA_035,2019-02,4.587
W_THA_035,2019-03,5.079
W_THA_035,2019-04,4.899
W_THA_035,2019-05,4.514
W_THA_035,2019-06,4.131
W_THA_035,2019-07,4.196
W_THA_035,2019-08,3.37
W_THA_035,2019-09,3.434
W_THA_035,2019-10,3.482
W_THA_035,2019-11,2.922
W_THA_035,2019-12,3.121
W_THA_035,2020-01,3.929
W_THA_035,2020-02,
W_THA_035,2020-03,4.935
W_THA_035,2020-04,5.339
W_THA_035,2020-05,5.306
W_THA_035,2020-06,4.849
W_THA_035,2020-07,4.057
W_THA_035,2020-08,3.389
W_THA_035,2020-09,3.663
W_THA_035,2020-10,3.469
W_THA_035,2020-11,2.926
W_THA_035,2020-12,3.395
W_THA_035,2021-01,3.736
W_THA_035,2021-02,5.357
W_THA_035,2021-03,5.213
W_THA_035,2021-04,4.987
W_THA_035,2021-05,5.481
W_THA_035,2021-06,5.332
W_THA_035,2021-07,4.266
W_THA_035,2021-08,3.542
W_THA_035,2021-09,3.503
W_THA_035,2021-10,3.859
W_THA_035,2021-11,3.624
W_THA_035,2021-12,3.493
W_THA_035,2022-01,4.2
W_THA_035,2022-02,5.108
W_THA_035,2022-03,4.839
W_THA_035,2022-04,5.493
W_THA_035,2022-05,5.325
W_THA_035,2022-06,4.689
W_THA_035,2022-07,4.663
W_THA_035,2022-08,4.139
W_THA_035,2022-09,3.674
W_THA_035,2022-10,4.025
W_THA_035,2022-11,3.551
W_THA_035,2022-12,3.171
W_THA_036,2018-01,
W_THA_036,2018-02,2.756
W_THA_036,2018-03,3.631
W_THA_036,2018-04,3.615
W_THA_036,2018-05,3.458
W_THA_036,2018-06,3.578
W_THA_036,2018-07,3.043
W_THA_036,2018-08,2.621
W_THA_036,2018-09,1.995
W_THA_036,2018-10,2.667
W_THA_036,2018-11,1.494
W_THA_036,2018-12,2.033
W_THA_036,2019-01,2.204
W_THA_036,2019-02,3.095
W_THA_036,2019-03,3.836
W_THA_036,2019-04,3.686
W_THA_036,2019-05,3.905
W_THA_036,2019-06,3.877
W_THA_036,2019-07,3.105
W_THA_036,2019-08,2.812
W_THA_036,2019-09,2.586
W_THA_036,2019-10,2.264
W_THA_036,2019-11,1.587
W_THA_036,2019-12,2.324
W_THA_036,2020-01,2.647
W_THA_036,2020-02,3.486
W_THA_036,2020-03,3.707
W_THA_036,2020-04,4.051
W_THA_036,2020-05,4.318
W_THA_036,2020-06,3.44
W_THA_036,2020-07,2.929
W_THA_036,2020-08,2.625
W_THA_036,2020-09,1.981
W_THA_036,2020-10,2.864
W_THA_036,2020-11,2.139
W_THA_036,2020-12,1.972
W_THA_036,2021-01,2.624
W_THA_036,2021-02,3.932
W_THA_036,2021-03,4.136
W_THA_036,2021-04,3.859
W_THA_036,2021-05,4.533
W_THA_036,2021-06,3.812
W_THA_036,2021-07,3.393
W_THA_036,2021-08,2.578
W_THA_036,2021-09,2.164
W_THA_036,2021-10,2.919
W_THA_036,2021-11,1.615
W_THA_036,2021-12,2.222
W_THA_036,2022-01,2.633
W_THA_036,2022-02,4.047
W_THA_036,2022-03,3.943
W_THA_036,2022-04,4.485
W_THA_036,2022-05,4.893
W_THA_036,2022-06,4.057
W_THA_036,2022-07,3.805
W_THA_036,2022-08,3.34
W_THA_036,2022-09,2.535
W_THA_036,2022-10,3.099
W_THA_036,2022-11,2.164
W_THA_036,2022-12,2.396
W_THA_037,2018-01,4.828
W_THA_037,2018-02,5.332
W_THA_037,2018-03,5.383
W_THA_037,2018-04,5.761
W_THA_037,2018-05,5.8
W_THA_037,2018-06,5.351
W_THA_037,2018-07,4.846
W_THA_037,2018-08,3.817
W_THA_037,2018-09,4.045
W_THA_037,2018-10,3.498
W_THA_037,2018-11,3.342
W_THA_037,2018-12,3.813
W_THA_037,2019-01,4.102
W_THA_037,2019-02,5.04
W_THA_037,2019-03,5.797
W_THA_037,2019-04,6.004
W_THA_037,2019-05,5.611
W_THA_037,2019-06,5.654
W_THA_037,2019-07,5.175
W_THA_037,2019-08,4.328
W_THA_037,2019-09,3.887
W_THA_037,2019-10,4.802
W_THA_037,2019-11,4.036
W_THA_037,2019-12,4.152
W_THA_037,2020-01,3.964
W_THA_037,2020-02,6.192
W_THA_037,2020-03,5.871
W_THA_037,2020-04,6.142
W_THA_037,2020-05,5.857
W_THA_037,2020-06,5.53
W_THA_037,2020-07,
W_THA_037,2020-08,4.439
W_THA_037,2020-09,4.195
W_THA_037,2020-10,4.248
W_THA_037,2020-11,3.535
W_THA_037,2020-12,4.062
W_THA_037,2021-01,4.685
W_THA_037,2021-02,5.654
W_THA_037,2021-03,6.079
W_THA_037,2021-04,6.555
W_THA_037,2021-05,5.488
W_THA_037,2021-06,5.839
W_THA_037,2021-07,5.277
W_THA_037,2021-08,4.867
W_THA_037,2021-09,4.085
W_THA_037,2021-10,4.421
W_THA_037,2021-11,3.983
W_THA_037,2021-12,3.99
W_THA_037,2022-01,4.912
W_THA_037,2022-02,5.774
W_THA_037,2022-03,5.935
W_THA_037,2022-04,6.088
W_THA_037,2022-05,5.942
W_THA_037,2022-06,5.962
W_THA_037,2022-07,5.568
W_THA_037,2022-08,4.81
W_THA_037,2022-09,4.674
W_THA_037,2022-10,4.723
W_THA_037,2022-11,4.168
W_THA_037,2022-12,4.458
W_THA_038,2018-01,5.354
W_THA_038,2018-02,5.242
W_THA_038,2018-03,5.569
W_THA_038,2018-04,5.79
W_THA_038,2018-05,5.461
W_THA_038,2018-06,5.306
W_THA_038,2018-07,4.816
W_THA_038,2018-08,4.176
W_THA_038,2018-09,3.978
W_THA_038,2018-10,4.594
W_THA_038,2018-11,3.706
W_THA_038,2018-12,3.867
W_THA_038,2019-01,4.4
W_THA_038,2019-02,6.047
W_THA_038,2019-03,6.132
W_THA_038,2019-04,5.581
W_THA_038,2019-05,6.079
W_THA_038,2019-06,5.823
W_THA_038,2019-07,4.655
W_THA_038,2019-08,5.011
W_THA_038,2019-09,4.326
W_THA_038,2019-10,4.342
W_THA_038,2019-11,
W_THA_038,2019-12,3.935
W_THA_038,2020-01,4.784
W_THA_038,2020-02,5.737
W_THA_038,2020-03,5.926
W_THA_038,2020-04,6.02
W_THA_038,2020-05,6.169
W_THA_038,2020-06,5.945
W_THA_038,2020-07,5.076
W_THA_038,2020-08,4.439
W_THA_038,2020-09,4.486
W_THA_038,2020-10,4.606
W_THA_038,2020-11,4.173
W_THA_038,2020-12,4.313
W_THA_038,2021-01,4.791
W_THA_038,2021-02,6.229
W_THA_038,2021-03,6.164
W_THA_038,2021-04,6.283
W_THA_038,2021-05,6.248
W_THA_038,2021-06,5.893
W_THA_038,2021-07,5.408
W_THA_038,2021-08,5.175
W_THA_038,2021-09,5.246
W_THA_038,2021-10,5.006
W_THA_038,2021-11,4.183
W_THA_038,2021-12,4.04
W_THA_038,2022-01,5.34
W_THA_038,2022-02,6.055
W_THA_038,2022-03,6.483
W_THA_038,2022-04,7.186
W_THA_038,2022-05,6.431
W_THA_038,2022-06,6.415
W_THA_038,2022-07,5.594
W_THA_038,2022-08,5.42
W_THA_038,2022-09,5.012
W_THA_038,2022-10,5.39
W_THA_038,2022-11,4.143
W_THA_038,2022-12,4.833
W_THA_039,2018-01,4.419
W_THA_039,2018-02,4.314
W_THA_039,2018-03,5.055
W_THA_039,2018-04,5.246
W_THA_039,2018-05,5.292
W_THA_039,2018-06,5.104
W_THA_039,2018-07,3.958
W_THA_039,2018-08,3.465
W_THA_039,2018-09,3.934
W_THA_039,2018-10,3.477
W_THA_039,2018-11,3.379
W_THA_039,2018-12,3.675
W_THA_039,2019-01,3.949
W_THA_039,2019-02,5.222
W_THA_039,2019-03,5.16
W_THA_039,2019-04,5.314
W_THA_039,2019-05,5.469
W_THA_039,2019-06,
W_THA_039,2019-07,4.134
W_THA_039,2019-08,3.926
W_THA_039,2019-09,3.163
W_THA_039,2019-10,4.052
W_THA_039,2019-11,3.18
W_THA_039,2019-12,3.904
W_THA_039,2020-01,4.026
W_THA_039,2020-02,5.575
W_THA_039,2020-03,5.642
W_THA_039,2020-04,5.636
W_THA_039,2020-05,5.724
W_THA_039,2020-06,4.824
W_THA_039,2020-07,4.846
W_THA_039,2020-08,4.257
W_THA_039,2020-09,3.66
W_THA_039,2020-10,3.696
W_THA_039,2020-11,3.62
W_THA_039,2020-12,3.733
W_THA_039,2021-01,3.901
W_THA_039,2021-02,4.724
W_THA_039,2021-03,5.594
W_THA_039,2021-04,5.797
W_THA_039,2021-05,5.375
W_THA_039,2021-06,5.17
W_THA_039,2021-07,4.359
W_THA_039,2021-08,4.642
W_THA_039,2021-09,4.143
W_THA_039,2021-10,4.052
W_THA_039,2021-11,3.207
W_THA_039,2021-12,4.122
W_THA_039,2022-01,4.177
W_THA_039,2022-02,5.635
W_THA_039,2022-03,5.994
W_THA_039,2022-04,5.748
W_THA_039,2022-05,5.945
W_THA_039,2022-06,5.53
W_THA_039,2022-07,4.703
W_THA_039,2022-08,4.24
W_THA_039,2022-09,4.095
W_THA_039,2022-10,4.7
W_THA_039,2022-11,3.614
W_THA_039,2022-12,4.01
W_THA_040,2018-01,4.83
W_THA_040,2018-02,6.221
W_THA_040,2018-03,6.089
W_THA_040,2018-04,5.929
W_THA_040,2018-05,6.029
W_THA_040,2018-06,6.024
W_THA_040,2018-07,4.868
W_THA_040,2018-08,4.624
W_THA_040,2018-09,4.173
W_THA_040,2018-10,4.133
W_THA_040,2018-11,3.786
W_THA_040,2018-12,4.081
W_THA_040,2019-01,4.265
W_THA_040,2019-02,5.728
W_THA_040,2019-03,6.076
W_THA_040,2019-04,6.031
W_THA_040,2019-05,6.258
W_THA_040,2019-06,5.562
W_THA_040,2019-07,5.279
W_THA_040,2019-08,4.003
W_THA_040,2019-09,5.007
W_THA_040,2019-10,4.723
W_THA_040,2019-11,3.898
W_THA_040,2019-12,4.509
W_THA_040,2020-01,4.706
W_THA_040,2020-02,5.918
W_THA_040,2020-03,6.216
W_THA_040,2020-04,6.484
W_THA_040,2020-05,5.951
W_THA_040,2020-06,6.168
W_THA_040,2020-07,5.299
W_THA_040,2020-08,5.246
W_THA_040,2020-09,4.559
W_THA_040,2020-10,4.536
W_THA_040,2020-11,4.212
W_THA_040,2020-12,4.231
W_THA_040,2021-01,4.69
W_THA_040,2021-02,6.293
W_THA_040,2021-03,6.621
W_THA_040,2021-04,6.348
W_THA_040,2021-05,6.412
W_THA_040,2021-06,6.248
W_THA_040,2021-07,5.233
W_THA_040,2021-08,4.775
W_THA_040,2021-09,4.714
W_THA_040,2021-10,5.251
W_THA_040,2021-11,4.747
W_THA_040,2021-12,4.586
W_THA_040,2022-01,4.849
W_THA_040,2022-02,6.337
W_THA_040,2022-03,
W_THA_040,2022-04,6.769
W_THA_040,2022-05,7.061
W_THA_040,2022-06,6.638
W_THA_040,2022-07,6.085
W_THA_040,2022-08,5.101
W_THA_040,2022-09,4.884
W_THA_040,2022-10,5.24
W_THA_040,2022-11,4.739
W_THA_040,2022-12,4.81
W_THA_041,2018-01,5.08
W_THA_041,2018-02,5.335
W_THA_041,2018-03,5.996
W_THA_041,2018-04,5.64
W_THA_041,2018-05,5.787
W_THA_041,2018-06,5.167
W_THA_041,2018-07,4.746
W_THA_041,2018-08,4.588
W_THA_041,2018-09,4.405
W_THA_041,2018-10,4.235
W_THA_041,2018-11,3.9
W_THA_041,2018-12,4.272
W_THA_041,2019-01,4.251
W_THA_041,2019-02,5.758
W_THA_041,2019-03,6.121
W_THA_041,2019-04,5.756
W_THA_041,2019-05,5.979
W_THA_041,2019-06,5.08
W_THA_041,2019-07,4.346
W_THA_041,2019-08,4.241
W_THA_041,2019-09,4.217
W_THA_041,2019-10,4.583
W_THA_041,2019-11,3.264
W_THA_041,2019-12,3.981
W_THA_041,2020-01,4.393
W_THA_041,2020-02,5.345
W_THA_041,2020-03,5.824
W_THA_041,2020-04,6.272
W_THA_041,2020-05,5.923
W_THA_041,2020-06,5.919
W_THA_041,2020-07,5.303
W_THA_041,2020-08,4.929
W_THA_041,2020-09,4.429
W_THA_041,2020-10,4.585
W_THA_041,2020-11,3.668
W_THA_041,2020-12,4.499
W_THA_041,2021-01,4.984
W_THA_041,2021-02,5.474
W_THA_041,2021-03,5.843
W_THA_041,2021-04,6.17
W_THA_041,2021-05,5.835
W_THA_041,2021-06,5.973
W_THA_041,2021-07,4.803
W_THA_041,2021-08,5.471
W_THA_041,2021-09,5.141
W_THA_041,2021-10,4.848
W_THA_041,2021-11,3.886
W_THA_041,2021-12,4.477
W_THA_041,2022-01,4.754
W_THA_041,2022-02,
W_THA_041,2022-03,5.769
W_THA_041,2022-04,6.121
W_THA_041,2022-05,6.695
W_THA_041,2022-06,6.421
W_THA_041,2022-07,5.599
W_THA_041,2022-08,4.947
W_THA_041,2022-09,4.267
W_THA_041,2022-10,4.758
W_THA_041,2022-11,4.084
W_THA_041,2022-12,4.447
W_THA_042,2018-01,4.593
W_THA_042,2018-02,5.036
W_THA_042,2018-03,5.628
W_THA_042,2018-04,5.755
W_THA_042,2018-05,5.838
W_THA_042,2018-06,5.124
W_THA_042,2018-07,4.905
W_THA_042,2018-08,3.896
W_THA_042,2018-09,3.879
W_THA_042,2018-10,3.848
W_THA_042,2018-11,3.472
W_THA_042,2018-12,4.101
W_THA_042,2019-01,3.626
W_THA_042,2019-02,5.714
W_THA_042,2019-03,6.0
W_THA_042,2019-04,5.637
W_THA_042,2019-05,5.52
W_THA_042,2019-06,5.556
W_THA_042,2019-07,4.305
W_THA_042,2019-08,4.828
W_THA_042,2019-09,4.552
W_THA_042,2019-10,4.161
W_THA_042,2019-11,3.517
W_THA_042,2019-12,4.142
W_THA_042,2020-01,4.179
W_THA_042,2020-02,5.438
W_THA_042,2020-03,6.046
W_THA_042,2020-04,5.961
W_THA_042,2020-05,
W_THA_042,2020-06,5.993
W_THA_042,2020-07,4.827
W_THA_042,2020-08,4.789
W_THA_042,2020-09,4.114
W_THA_042,2020-10,4.707
W_THA_042,2020-11,3.846
W_THA_042,2020-12,4.184
W_THA_042,2021-01,4.835
W_THA_042,2021-02,5.36
W_THA_042,2021-03,6.168
W_THA_042,2021-04,5.849
W_THA_042,2021-05,6.237
W_THA_042,2021-06,5.312
W_THA_042,2021-07,4.95
W_THA_042,2021-08,4.727
W_THA_042,2021-09,4.908
W_THA_042,2021-10,4.723
W_THA_042,2021-11,3.658
W_THA_042,2021-12,3.95
W_THA_042,2022-01,5.079
W_THA_042,2022-02,5.802
W_THA_042,2022-03,6.264
W_THA_042,2022-04,6.168
W_THA_042,2022-05,6.479
W_THA_042,2022-06,6.273
W_THA_042,2022-07,5.957
W_THA_042,2022-08,4.739
W_THA_042,2022-09,4.425
W_THA_042,2022-10,4.901
W_THA_042,2022-11,4.066
W_THA_042,2022-12,4.048
W_THA_043,2018-01,5.237
W_THA_043,2018-02,5.01
W_THA_043,2018-03,5.548
W_THA_043,2018-04,6.124
W_THA_043,2018-05,5.205
W_THA_043,2018-06,5.545
W_THA_043,2018-07,4.927
W_THA_043,2018-08,4.36
W_THA_043,2018-09,4.22
W_THA_043,2018-10,4.422
W_THA_043,2018-11,3.344
W_THA_043,2018-12,4.221
W_THA_043,2019-01,4.336
W_THA_043,2019-02,5.953
W_THA_043,2019-03,5.531
W_THA_043,2019-04,5.82
W_THA_043,2019-05,5.73
W_THA_043,2019-06,5.526
W_THA_043,2019-07,5.523
W_THA_043,2019-08,4.575
W_THA_043,2019-09,4.277
W_THA_043,2019-10,4.517
W_THA_043,2019-11,3.726
W_THA_043,2019-12,
W_THA_043,2020-01,4.745
W_THA_043,2020-02,5.614
W_THA_043,2020-03,6.145
W_THA_043,2020-04,6.323
W_THA_043,2020-05,6.007
W_THA_043,2020-06,5.889
W_THA_043,2020-07,5.042
W_THA_043,2020-08,4.89
W_THA_043,2020-09,4.186
W_THA_043,2020-10,4.427
W_THA_043,2020-11,4.133
W_THA_043,2020-12,4.68
W_THA_043,2021-01,4.803
W_THA_043,2021-02,6.039
W_THA_043,2021-03,6.461
W_THA_043,2021-04,6.118
W_THA_043,2021-05,6.233
W_THA_043,2021-06,5.871
W_THA_043,2021-07,4.823
W_THA_043,2021-08,4.687
W_THA_043,2021-09,4.891
W_THA_043,2021-10,5.109
W_THA_043,2021-11,4.239
W_THA_043,2021-12,4.039
W_THA_043,2022-01,5.247
W_THA_043,2022-02,5.95
W_THA_043,2022-03,6.071
W_THA_043,2022-04,6.645
W_THA_043,2022-05,6.628
W_THA_043,2022-06,6.653
W_THA_043,2022-07,5.493
W_THA_043,2022-08,5.426
W_THA_043,2022-09,4.74
W_THA_043,2022-10,5.196
W_THA_043,2022-11,4.769
W_THA_043,2022-12,4.747
W_THA_044,2018-01,5.65
W_THA_044,2018-02,5.617
W_THA_044,2018-03,
W_THA_044,2018-04,6.185
W_THA_044,2018-05,5.975
W_THA_044,2018-06,5.908
W_THA_044,2018-07,5.732
W_THA_044,2018-08,4.745
W_THA_044,2018-09,4.74
W_THA_044,2018-10,4.623
W_THA_044,2018-11,4.663
W_THA_044,2018-12,3.991
W_THA_044,2019-01,4.436
W_THA_044,2019-02,5.589
W_THA_044,2019-03,6.213
W_THA_044,2019-04,6.421
W_THA_044,2019-05,5.965
W_THA_044,2019-06,5.541
W_THA_044,2019-07,5.225
W_THA_044,2019-08,5.357
W_THA_044,2019-09,4.178
W_THA_044,2019-10,4.704
W_THA_044,2019-11,4.483
W_THA_044,2019-12,4.508
W_THA_044,2020-01,4.975
W_THA_044,2020-02,5.838
W_THA_044,2020-03,6.506
W_THA_044,2020-04,6.622
W_THA_044,2020-05,6.663
W_THA_044,2020-06,6.408
W_THA_044,2020-07,5.596
W_THA_044,2020-08,5.473
W_THA_044,2020-09,4.667
W_THA_044,2020-10,4.915
W_THA_044,2020-11,4.631
W_THA_044,2020-12,4.249
W_THA_044,2021-01,4.74
W_THA_044,2021-02,6.138
W_THA_044,2021-03,6.789
W_THA_044,2021-04,6.808
W_THA_044,2021-05,6.414
W_THA_044,2021-06,6.393
W_THA_044,2021-07,5.955
W_THA_044,2021-08,5.732
W_THA_044,2021-09,4.729
W_THA_044,2021-10,5.084
W_THA_044,2021-11,4.776
W_THA_044,2021-12,4.991
W_THA_044,2022-01,5.287
W_THA_044,2022-02,6.38
W_THA_044,2022-03,6.994
W_THA_044,2022-04,7.272
W_THA_044,2022-05,6.717
W_THA_044,2022-06,6.206
W_THA_044,2022-07,5.88
W_THA_044,2022-08,5.673
W_THA_044,2022-09,4.565
W_THA_044,2022-10,5.188
W_THA_044,2022-11,4.836
W_THA_044,2022-12,4.814
W_THA_045,2018-01,3.822
W_THA_045,2018-02,4.174
W_THA_045,2018-03,4.397
W_THA_045,2018-04,4.471
W_THA_045,2018-05,4.822
W_THA_045,2018-06,4.627
W_THA_045,2018-07,3.987
W_THA_045,2018-08,3.598
W_THA_045,2018-09,3.214
W_THA_045,2018-10,2.923
W_THA_045,2018-11,2.503
W_THA_045,2018-12,3.262
W_THA_045,2019-01,2.861
W_THA_045,2019-02,4.149
W_THA_045,2019-03,4.653
W_THA_045,2019-04,4.603
W_THA_045,2019-05,5.034
W_THA_045,2019-06,4.375
W_THA_045,2019-07,3.622
W_THA_045,2019-08,3.246
W_THA_045,2019-09,3.026
W_THA_045,2019-10,3.25
W_THA_045,2019-11,2.6
W_THA_045,2019-12,
W_THA_045,2020-01,3.361
W_THA_045,2020-02,4.721
W_THA_045,2020-03,4.752
W_THA_045,2020-04,5.333
W_THA_045,2020-05,4.675
W_THA_045,2020-06,4.867
W_THA_045,2020-07,4.165
W_THA_045,2020-08,3.739
W_THA_045,2020-09,3.301
W_THA_045,2020-10,3.372
W_THA_045,2020-11,2.9
W_THA_045,2020-12,3.569
W_THA_045,2021-01,3.8
W_THA_045,2021-02,4.457
W_THA_045,2021-03,5.288
W_THA_045,2021-04,5.018
W_THA_045,2021-05,5.118
W_THA_045,2021-06,5.074
W_THA_045,2021-07,3.987
W_THA_045,2021-08,3.948
W_THA_045,2021-09,3.803
W_THA_045,2021-10,3.528
W_THA_045,2021-11,2.71
W_THA_045,2021-12,3.185
W_THA_045,2022-01,3.781
W_THA_045,2022-02,4.625
W_THA_045,2022-03,5.593
W_THA_045,2022-04,5.802
W_THA_045,2022-05,5.492
W_THA_045,2022-06,4.697
W_THA_045,2022-07,4.735
W_THA_045,2022-08,3.875
W_THA_045,2022-09,3.415
W_THA_045,2022-10,3.604
W_THA_045,2022-11,3.301
W_THA_045,2022-12,3.734
W_THA_046,2018-01,5.415
W_THA_046,2018-02,5.85
W_THA_046,2018-03,6.469
W_THA_046,2018-04,6.991
W_THA_046,2018-05,6.523
W_THA_046,2018-06,6.201
W_THA_046,2018-07,5.803
W_THA_046,2018-08,5.468
W_THA_046,2018-09,
W_THA_046,2018-10,4.889
W_THA_046,2018-11,4.437
W_THA_046,2018-12,4.967
W_THA_046,2019-01,5.001
W_THA_046,2019-02,6.549
W_THA_046,2019-03,6.809
W_THA_046,2019-04,7.046
W_THA_046,2019-05,6.693
W_THA_046,2019-06,6.649
W_THA_046,2019-07,5.693
W_THA_046,2019-08,5.273
W_THA_046,2019-09,5.054
W_THA_046,2019-10,5.869
W_THA_046,2019-11,4.325
W_THA_046,2019-12,4.946
W_THA_046,2020-01,5.404
W_THA_046,2020-02,6.685
W_THA_046,2020-03,7.17
W_THA_046,2020-04,7.025
W_THA_046,2020-05,6.902
W_THA_046,2020-06,6.746
W_THA_046,2020-07,6.088
W_THA_046,2020-08,5.95
W_THA_046,2020-09,5.565
W_THA_046,2020-10,5.461
W_THA_046,2020-11,5.173
W_THA_046,2020-12,5.68
W_THA_046,2021-01,5.385
W_THA_046,2021-02,6.67
W_THA_046,2021-03,6.995
W_THA_046,2021-04,6.749
W_THA_046,2021-05,7.249
W_THA_046,2021-06,6.591
W_THA_046,2021-07,5.992
W_THA_046,2021-08,5.47
W_THA_046,2021-09,5.202
W_THA_046,2021-10,5.218
W_THA_046,2021-11,4.951
W_THA_046,2021-12,5.703
W_THA_046,2022-01,5.878
W_THA_046,2022-02,6.856
W_THA_046,2022-03,7.097
W_THA_046,2022-04,7.29
W_THA_046,2022-05,7.179
W_THA_046,2022-06,7.299
W_THA_046,2022-07,6.592
W_THA_046,2022-08,6.094
W_THA_046,2022-09,5.826
W_THA_046,2022-10,5.435
W_THA_046,2022-11,5.059
W_THA_046,2022-12,5.699
W_THA_047,2018-01,3.439
W_THA_047,2018-02,4.047
W_THA_047,2018-03,4.302
W_THA_047,2018-04,4.801
W_THA_047,2018-05,4.624
W_THA_047,2018-06,4.272
W_THA_047,2018-07,3.513
W_THA_047,2018-08,3.49
W_THA_047,2018-09,2.876
W_THA_047,2018-10,3.001
W_THA_047,2018-11,2.451
W_THA_047,2018-12,2.54
W_THA_047,2019-01,3.334
W_THA_047,2019-02,4.533
W_THA_047,2019-03,4.374
W_THA_047,2019-04,4.936
W_THA_047,2019-05,4.789
W_THA_047,2019-06,
W_THA_047,2019-07,3.777
W_THA_047,2019-08,3.301
W_THA_047,2019-09,3.039
W_THA_047,2019-10,2.99
W_THA_047,2019-11,2.641
W_THA_047,2019-12,2.95
W_THA_047,2020-01,3.109
W_THA_047,2020-02,4.532
W_THA_047,2020-03,4.522
W_THA_047,2020-04,4.957
W_THA_047,2020-05,4.869
W_THA_047,2020-06,4.904
W_THA_047,2020-07,4.199
W_THA_047,2020-08,3.665
W_THA_047,2020-09,2.987
W_THA_047,2020-10,3.886
W_THA_047,2020-11,3.117
W_THA_047,2020-12,3.007
W_THA_047,2021-01,3.363
W_THA_047,2021-02,4.409
W_THA_047,2021-03,4.813
W_THA_047,2021-04,4.792
W_THA_047,2021-05,4.8
W_THA_047,2021-06,4.243
W_THA_047,2021-07,4.189
W_THA_047,2021-08,3.981
W_THA_047,2021-09,3.913
W_THA_047,2021-10,3.532
W_THA_047,2021-11,2.593
W_THA_047,2021-12,3.314
W_THA_047,2022-01,4.076
W_THA_047,2022-02,4.479
W_THA_047,2022-03,4.742
W_THA_047,2022-04,4.867
W_THA_047,2022-05,5.119
W_THA_047,2022-06,4.604
W_THA_047,2022-07,4.665
W_THA_047,2022-08,3.696
W_THA_047,2022-09,3.347
W_THA_047,2022-10,4.128
W_THA_047,2022-11,2.877
W_THA_047,2022-12,3.555
W_THA_048,2018-01,3.238
W_THA_048,2018-02,3.998
W_THA_048,2018-03,4.636
W_THA_048,2018-04,4.773
W_THA_048,2018-05,4.551
W_THA_048,2018-06,4.48
W_THA_048,2018-07,3.988
W_THA_048,2018-08,3.168
W_THA_048,2018-09,3.337
W_THA_048,2018-10,2.922
W_THA_048,2018-11,2.048
W_THA_048,2018-12,2.627
W_THA_048,2019-01,3.085
W_THA_048,2019-02,4.345
W_THA_048,2019-03,4.773
W_THA_048,2019-04,4.794
W_THA_048,2019-05,4.261
W_THA_048,2019-06,4.456
W_THA_048,2019-07,3.415
W_THA_048,2019-08,3.578
W_THA_048,2019-09,3.146
W_THA_048,2019-10,3.669
W_THA_048,2019-11,2.31
W_THA_048,2019-12,3.451
W_THA_048,2020-01,3.515
W_THA_048,2020-02,4.267
W_THA_048,2020-03,4.847
W_THA_048,2020-04,5.122
W_THA_048,2020-05,5.166
W_THA_048,2020-06,4.78
W_THA_048,2020-07,4.004
W_THA_048,2020-08,4.226
W_THA_048,2020-09,3.378
W_THA_048,2020-10,3.012
W_THA_048,2020-11,2.719
W_THA_048,2020-12,3.385
W_THA_048,2021-01,3.521
W_THA_048,2021-02,4.68
W_THA_048,2021-03,4.893
W_THA_048,2021-04,5.169
W_THA_048,2021-05,5.037
W_THA_048,2021-06,4.467
W_THA_048,2021-07,3.882
W_THA_048,2021-08,3.828
W_THA_048,2021-09,3.863
W_THA_048,2021-10,3.837
W_THA_048,2021-11,3.137
W_THA_048,2021-12,3.218
W_THA_048,2022-01,3.738
W_THA_048,2022-02,5.102
W_THA_048,2022-03,
W_THA_048,2022-04,5.012
W_THA_048,2022-05,5.168
W_THA_048,2022-06,5.272
W_THA_048,2022-07,4.156
W_THA_048,2022-08,3.737
W_THA_048,2022-09,3.906
W_THA_048,2022-10,3.945
W_THA_048,2022-11,3.32
W_THA_048,2022-12,3.372
W_THA_049,2018-01,6.027
W_THA_049,2018-02,6.61
W_THA_049,2018-03,6.612
W_THA_049,2018-04,6.605
W_THA_049,2018-05,6.648
W_THA_049,2018-06,6.435
W_THA_049,2018-07,5.929
W_THA_049,2018-08,5.107
W_THA_049,2018-09,4.791
W_THA_049,2018-10,5.606
W_THA_049,2018-11,4.571
W_THA_049,2018-12,4.759
W_THA_049,2019-01,4.942
W_THA_049,2019-02,6.889
W_THA_049,2019-03,6.971
W_THA_049,2019-04,6.872
W_THA_049,2019-05,6.931
W_THA_049,2019-06,7.231
W_THA_049,2019-07,6.004
W_THA_049,2019-08,5.296
W_THA_049,2019-09,5.162
W_THA_049,2019-10,5.684
W_THA_049,2019-11,4.93
W_THA_049,2019-12,4.632
W_THA_049,2020-01,5.632
W_THA_049,2020-02,6.71
W_THA_049,2020-03,6.874
W_THA_049,2020-04,7.074
W_THA_049,2020-05,7.007
W_THA_049,2020-06,6.581
W_THA_049,2020-07,6.019
W_THA_049,2020-08,6.089
W_THA_049,2020-09,5.538
W_THA_049,2020-10,5.721
W_THA_049,2020-11,4.996
W_THA_049,2020-12,4.682
W_THA_049,2021-01,5.883
W_THA_049,2021-02,6.825
W_THA_049,2021-03,7.153
W_THA_049,2021-04,7.403
W_THA_049,2021-05,7.065
W_THA_049,2021-06,6.919
W_THA_049,2021-07,
W_THA_049,2021-08,6.115
W_THA_049,2021-09,5.408
W_THA_049,2021-10,5.595
W_THA_049,2021-11,5.39
W_THA_049,2021-12,6.115
W_THA_049,2022-01,5.568
W_THA_049,2022-02,6.429
W_THA_049,2022-03,7.873
W_THA_049,2022-04,7.352
W_THA_049,2022-05,7.333
W_THA_049,2022-06,7.267
W_THA_049,2022-07,6.788
W_THA_049,2022-08,5.829
W_THA_049,2022-09,5.37
W_THA_049,2022-10,5.65
W_THA_049,2022-11,5.119
W_THA_049,2022-12,5.364
W_THA_050,2018-01,3.893
W_THA_050,2018-02,4.237
W_THA_050,2018-03,4.205
W_THA_050,2018-04,4.763
W_THA_050,2018-05,4.272
W_THA_050,2018-06,4.548
W_THA_050,2018-07,4.049
W_THA_050,2018-08,3.957
W_THA_050,2018-09,3.213
W_THA_050,2018-10,3.51
W_THA_050,2018-11,2.758
W_THA_050,2018-12,
W_THA_050,2019-01,3.419
W_THA_050,2019-02,4.233
W_THA_050,2019-03,4.551
W_THA_050,2019-04,4.403
W_THA_050,2019-05,4.6
W_THA_050,2019-06,4.668
W_THA_050,2019-07,4.426
W_THA_050,2019-08,3.707
W_THA_050,2019-09,3.245
W_THA_050,2019-10,3.432
W_THA_050,2019-11,3.013
W_THA_050,2019-12,3.015
W_THA_050,2020-01,3.315
W_THA_050,2020-02,4.577
W_THA_050,2020-03,4.642
W_THA_050,2020-04,4.967
W_THA_050,2020-05,5.023
W_THA_050,2020-06,4.744
W_THA_050,2020-07,4.108
W_THA_050,2020-08,3.648
W_THA_050,2020-09,3.423
W_THA_050,2020-10,3.588
W_THA_050,2020-11,2.793
W_THA_050,2020-12,2.934
W_THA_050,2021-01,3.573
W_THA_050,2021-02,5.026
W_THA_050,2021-03,5.162
W_THA_050,2021-04,5.487
W_THA_050,2021-05,5.118
W_THA_050,2021-06,5.089
W_THA_050,2021-07,4.527
W_THA_050,2021-08,3.778
W_THA_050,2021-09,3.53
W_THA_050,2021-10,3.689
W_THA_050,2021-11,2.618
W_THA_050,2021-12,2.756
W_THA_050,2022-01,4.119
W_THA_050,2022-02,4.903
W_THA_050,2022-03,5.558
W_THA_050,2022-04,5.074
W_THA_050,2022-05,4.918
W_THA_050,2022-06,5.262
W_THA_050,2022-07,4.638
W_THA_050,2022-08,3.687
W_THA_050,2022-09,3.734
W_THA_050,2022-10,4.103
W_THA_050,2022-11,3.38
W_THA_050,2022-12,3.449
W_THA_051,2018-01,3.538
W_THA_051,2018-02,4.364
W_THA_051,2018-03,4.659
W_THA_051,2018-04,4.509
W_THA_051,2018-05,4.699
W_THA_051,2018-06,4.169
W_THA_051,2018-07,3.656
W_THA_051,2018-08,3.819
W_THA_051,2018-09,2.823
W_THA_051,2018-10,3.127
W_THA_051,2018-11,2.695
W_THA_051,2018-12,2.633
W_THA_051,2019-01,3.464
W_THA_051,2019-02,4.075
W_THA_051,2019-03,4.662
W_THA_051,2019-04,4.977
W_THA_051,2019-05,5.092
W_THA_051,2019-06,4.923
W_THA_051,2019-07,3.952
W_THA_051,2019-08,3.651
W_THA_051,2019-09,3.455
W_THA_051,2019-10,3.529
W_THA_051,2019-11,3.101
W_THA_051,2019-12,2.915
W_THA_051,2020-01,
W_THA_051,2020-02,4.538
W_THA_051,2020-03,5.11
W_THA_051,2020-04,4.801
W_THA_051,2020-05,4.873
W_THA_051,2020-06,4.72
W_THA_051,2020-07,3.912
W_THA_051,2020-08,3.476
W_THA_051,2020-09,3.14
W_THA_051,2020-10,3.557
W_THA_051,2020-11,2.791
W_THA_051,2020-12,3.23
W_THA_051,2021-01,3.393
W_THA_051,2021-02,4.853
W_THA_051,2021-03,5.119
W_THA_051,2021-04,5.352
W_THA_051,2021-05,5.565
W_THA_051,2021-06,4.616
W_THA_051,2021-07,3.83
W_THA_051,2021-08,4.102
W_THA_051,2021-09,3.753
W_THA_051,2021-10,4.199
W_THA_051,2021-11,2.682
W_THA_051,2021-12,2.849
W_THA_051,2022-01,4.146
W_THA_051,2022-02,4.943
W_THA_051,2022-03,5.331
W_THA_051,2022-04,5.18
W_THA_051,2022-05,5.189
W_THA_051,2022-06,5.159
W_THA_051,2022-07,4.556
W_THA_051,2022-08,4.0
W_THA_051,2022-09,3.933
W_THA_051,2022-10,3.792
W_THA_051,2022-11,3.28
W_THA_051,2022-12,3.636
W_THA_052,2018-01,2.805
W_THA_052,2018-02,3.476
W_THA_052,2018-03,3.925
W_THA_052,2018-04,3.512
W_THA_052,2018-05,3.187
W_THA_052,2018-06,3.282
W_THA_052,2018-07,2.843
W_THA_052,2018-08,2.076
W_THA_052,2018-09,1.809
W_THA_052,2018-10,1.702
W_THA_052,2018-11,1.559
W_THA_052,2018-12,1.536
W_THA_052,2019-01,1.704
W_THA_052,2019-02,3.351
W_THA_052,2019-03,3.525
W_THA_052,2019-04,3.791
W_THA_052,2019-05,3.448
W_THA_052,2019-06,3.375
W_THA_052,2019-07,2.565
W_THA_052,2019-08,2.105
W_THA_052,2019-09,1.629
W_THA_052,2019-10,2.163
W_THA_052,2019-11,1.317
W_THA_052,2019-12,1.626
W_THA_052,2020-01,2.29
W_THA_052,2020-02,3.021
W_THA_052,2020-03,3.774
W_THA_052,2020-04,3.614
W_THA_052,2020-05,4.269
W_THA_052,2020-06,3.672
W_THA_052,2020-07,3.036
W_THA_052,2020-08,2.524
W_THA_052,2020-09,1.975
W_THA_052,2020-10,2.199
W_THA_052,2020-11,1.734
W_THA_052,2020-12,2.153
W_THA_052,2021-01,2.302
W_THA_052,2021-02,3.427
W_THA_052,2021-03,3.747
W_THA_052,2021-04,3.914
W_THA_052,2021-05,3.642
W_THA_052,2021-06,3.491
W_THA_052,2021-07,3.153
W_THA_052,2021-08,2.521
W_THA_052,2021-09,2.527
W_THA_052,2021-10,2.228
W_THA_052,2021-11,2.212
W_THA_052,2021-12,1.804
W_THA_052,2022-01,2.531
W_THA_052,2022-02,3.519
W_THA_052,2022-03,3.698
W_THA_052,2022-04,4.525
W_THA_052,2022-05,3.695
W_THA_052,2022-06,4.184
W_THA_052,2022-07,3.078
W_THA_052,2022-08,
W_THA_052,2022-09,2.724
W_THA_052,2022-10,2.692
W_THA_052,2022-11,1.543
W_THA_052,2022-12,2.254
W_THA_053,2018-01,4.463
W_THA_053,2018-02,4.9
W_THA_053,2018-03,5.212
W_THA_053,2018-04,5.271
W_THA_053,2018-05,5.232
W_THA_053,2018-06,5.486
W_THA_053,2018-07,4.437
W_THA_053,2018-08,4.674
W_THA_053,2018-09,3.882
W_THA_053,2018-10,4.169
W_THA_053,2018-11,3.216
W_THA_053,2018-12,3.43
W_THA_053,2019-01,3.832
W_THA_053,2019-02,5.173
W_THA_053,2019-03,5.899
W_THA_053,2019-04,5.784
W_THA_053,2019-05,5.964
W_THA_053,2019-06,5.424
W_THA_053,2019-07,4.497
W_THA_053,2019-08,4.522
W_THA_053,2019-09,4.107
W_THA_053,2019-10,4.229
W_THA_053,2019-11,3.582
W_THA_053,2019-12,4.126
W_THA_053,2020-01,4.869
W_THA_053,2020-02,5.173
W_THA_053,2020-03,5.822
W_THA_053,2020-04,5.424
W_THA_053,2020-05,5.96
W_THA_053,2020-06,5.992
W_THA_053,2020-07,4.84
W_THA_053,2020-08,4.737
W_THA_053,2020-09,4.373
W_THA_053,2020-10,4.121
W_THA_053,2020-11,3.674
W_THA_053,2020-12,3.892
W_THA_053,2021-01,
W_THA_053,2021-02,5.285
W_THA_053,2021-03,6.111
W_THA_053,2021-04,6.049
W_THA_053,2021-05,6.222
W_THA_053,2021-06,6.025
W_THA_053,2021-07,5.144
W_THA_053,2021-08,4.402
W_THA_053,2021-09,4.64
W_THA_053,2021-10,4.85
W_THA_053,2021-11,4.317
W_THA_053,2021-12,4.207
W_THA_053,2022-01,4.731
W_THA_053,2022-02,5.353
W_THA_053,2022-03,6.401
W_THA_053,2022-04,6.281
W_THA_053,2022-05,5.75
W_THA_053,2022-06,5.614
W_THA_053,2022-07,5.055
W_THA_053,2022-08,4.938
W_THA_053,2022-09,4.235
W_THA_053,2022-10,4.8
W_THA_053,2022-11,4.145
W_THA_053,2022-12,4.441
W_THA_054,2018-01,3.727
W_THA_054,2018-02,3.717
W_THA_054,2018-03,4.158
W_THA_054,2018-04,4.126
W_THA_054,2018-05,4.616
W_THA_054,2018-06,3.772
W_THA_054,2018-07,3.739
W_THA_054,2018-08,3.331
W_THA_054,2018-09,2.886
W_THA_054,2018-10,2.899
W_THA_054,2018-11,2.322
W_THA_054,2018-12,2.371
W_THA_054,2019-01,2.425
W_THA_054,2019-02,4.324
W_THA_054,2019-03,4.684
W_THA_054,2019-04,4.553
W_THA_054,2019-05,4.425
W_THA_054,2019-06,3.748
W_THA_054,2019-07,3.793
W_THA_054,2019-08,3.015
W_THA_054,2019-09,2.876
W_THA_054,2019-10,2.955
W_THA_054,2019-11,2.229
W_THA_054,2019-12,3.058
W_THA_054,2020-01,3.039
W_THA_054,2020-02,4.437
W_THA_054,2020-03,4.756
W_THA_054,2020-04,4.385
W_THA_054,2020-05,4.5
W_THA_054,2020-06,4.403
W_THA_054,2020-07,3.708
W_THA_054,2020-08,3.348
W_THA_054,2020-09,2.89
W_THA_054,2020-10,3.116
W_THA_054,2020-11,2.532
W_THA_054,2020-12,2.985
W_THA_054,2021-01,3.545
W_THA_054,2021-02,4.86
W_THA_054,2021-03,
W_THA_054,2021-04,5.269
W_THA_054,2021-05,4.862
W_THA_054,2021-06,4.888
W_THA_054,2021-07,4.239
W_THA_054,2021-08,3.778
W_THA_054,2021-09,3.164
W_THA_054,2021-10,3.61
W_THA_054,2021-11,2.745
W_THA_054,2021-12,2.229
W_THA_054,2022-01,3.675
W_THA_054,2022-02,4.777
W_THA_054,2022-03,5.02
W_THA_054,2022-04,5.104
W_THA_054,2022-05,5.042
W_THA_054,2022-06,4.764
W_THA_054,2022-07,4.662
W_THA_054,2022-08,3.26
W_THA_054,2022-09,3.416
W_THA_054,2022-10,3.697
W_THA_054,2022-11,2.959
W_THA_054,2022-12,3.381
W_THA_055,2018-01,4.499
W_THA_055,2018-02,4.899
W_THA_055,2018-03,5.371
W_THA_055,2018-04,5.452
W_THA_055,2018-05,5.686
W_THA_055,2018-06,5.064
W_THA_055,2018-07,4.521
W_THA_055,2018-08,4.228
W_THA_055,2018-09,3.867
W_THA_055,2018-10,4.207
W_THA_055,2018-11,3.077
W_THA_055,2018-12,3.623
W_THA_055,2019-01,3.823
W_THA_055,2019-02,5.54
W_THA_055,2019-03,5.407
W_THA_055,2019-04,5.872
W_THA_055,2019-05,5.642
W_THA_055,2019-06,5.626
W_THA_055,2019-07,4.695
W_THA_055,2019-08,4.618
W_THA_055,2019-09,4.181
W_THA_055,2019-10,4.193
W_THA_055,2019-11,3.568
W_THA_055,2019-12,3.892
W_THA_055,2020-01,4.646
W_THA_055,2020-02,5.976
W_THA_055,2020-03,5.932
W_THA_055,2020-04,5.95
W_THA_055,2020-05,5.619
W_THA_055,2020-06,5.327
W_THA_055,2020-07,4.985
W_THA_055,2020-08,4.976
W_THA_055,2020-09,3.885
W_THA_055,2020-10,4.617
W_THA_055,2020-11,4.003
W_THA_055,2020-12,4.181
W_THA_055,2021-01,4.312
W_THA_055,2021-02,5.554
W_THA_055,2021-03,5.849
W_THA_055,2021-04,5.328
W_THA_055,2021-05,6.094
W_THA_055,2021-06,
W_THA_055,2021-07,5.072
W_THA_055,2021-08,4.542
W_THA_055,2021-09,4.528
W_THA_055,2021-10,4.926
W_THA_055,2021-11,3.608
W_THA_055,2021-12,3.846
W_THA_055,2022-01,4.827
W_THA_055,2022-02,5.987
W_THA_055,2022-03,6.179
W_THA_055,2022-04,5.871
W_THA_055,2022-05,6.042
W_THA_055,2022-06,5.745
W_THA_055,2022-07,5.006
W_THA_055,2022-08,4.412
W_THA_055,2022-09,4.391
W_THA_055,2022-10,4.571
W_THA_055,2022-11,3.937
W_THA_055,2022-12,3.996
W_THA_056,2018-01,
W_THA_056,2018-02,4.38
W_THA_056,2018-03,4.646
W_THA_056,2018-04,5.294
W_THA_056,2018-05,4.956
W_THA_056,2018-06,4.832
W_THA_056,2018-07,4.239
W_THA_056,2018-08,3.881
W_THA_056,2018-09,3.366
W_THA_056,2018-10,2.793
W_THA_056,2018-11,2.833
W_THA_056,2018-12,3.158
W_THA_056,2019-01,3.29
W_THA_056,2019-02,4.934
W_THA_056,2019-03,4.952
W_THA_056,2019-04,4.976
W_THA_056,2019-05,5.592
W_THA_056,2019-06,4.725
W_THA_056,2019-07,4.255
W_THA_056,2019-08,4.372
W_THA_056,2019-09,3.642
W_THA_056,2019-10,3.465
W_THA_056,2019-11,2.572
W_THA_056,2019-12,2.872
W_THA_056,2020-01,3.812
W_THA_056,2020-02,5.042
W_THA_056,2020-03,5.076
W_THA_056,2020-04,5.341
W_THA_056,2020-05,5.153
W_THA_056,2020-06,4.916
W_THA_056,2020-07,4.72
W_THA_056,2020-08,3.899
W_THA_056,2020-09,3.462
W_THA_056,2020-10,3.847
W_THA_056,2020-11,3.705
W_THA_056,2020-12,3.246
W_THA_056,2021-01,3.753
W_THA_056,2021-02,4.941
W_THA_056,2021-03,5.505
W_THA_056,2021-04,5.414
W_THA_056,2021-05,5.515
W_THA_056,2021-06,4.89
W_THA_056,2021-07,4.348
W_THA_056,2021-08,3.737
W_THA_056,2021-09,3.4
W_THA_056,2021-10,3.843
W_THA_056,2021-11,3.335
W_THA_056,2021-12,3.254
W_THA_056,2022-01,4.439
W_THA_056,2022-02,5.144
W_THA_056,2022-03,5.405
W_THA_056,2022-04,5.747
W_THA_056,2022-05,5.63
W_THA_056,2022-06,5.067
W_THA_056,2022-07,4.424
W_THA_056,2022-08,5.007
W_THA_056,2022-09,4.183
W_THA_056,2022-10,4.1
W_THA_056,2022-11,3.661
W_THA_056,2022-12,3.827
W_THA_057,2018-01,5.95
W_THA_057,2018-02,6.4
W_THA_057,2018-03,7.084
W_THA_057,2018-04,6.426
W_THA_057,2018-05,7.006
W_THA_057,2018-06,6.053
W_THA_057,2018-07,6.088
W_THA_057,2018-08,4.989
W_THA_057,2018-09,4.983
W_THA_057,2018-10,5.21
W_THA_057,2018-11,4.722
W_THA_057,2018-12,4.923
W_THA_057,2019-01,
W_THA_057,2019-02,5.991
W_THA_057,2019-03,7.195
W_THA_057,2019-04,6.802
W_THA_057,2019-05,6.888
W_THA_057,2019-06,6.349
W_THA_057,2019-07,6.123
W_THA_057,2019-08,5.294
W_THA_057,2019-09,5.159
W_THA_057,2019-10,5.239
W_THA_057,2019-11,4.896
W_THA_057,2019-12,5.073
W_THA_057,2020-01,5.644
W_THA_057,2020-02,6.693
W_THA_057,2020-03,6.7
W_THA_057,2020-04,7.498
W_THA_057,2020-05,6.967
W_THA_057,2020-06,6.836
W_THA_057,2020-07,6.16
W_THA_057,2020-08,5.601
W_THA_057,2020-09,5.763
W_THA_057,2020-10,5.417
W_THA_057,2020-11,5.171
W_THA_057,2020-12,5.299
W_THA_057,2021-01,5.689
W_THA_057,2021-02,6.677
W_THA_057,2021-03,6.657
W_THA_057,2021-04,7.321
W_THA_057,2021-05,7.174
W_THA_057,2021-06,6.645
W_THA_057,2021-07,6.104
W_THA_057,2021-08,6.421
W_THA_057,2021-09,5.884
W_THA_057,2021-10,5.868
W_THA_057,2021-11,5.154
W_THA_057,2021-12,5.201
W_THA_057,2022-01,5.849
W_THA_057,2022-02,7.014
W_THA_057,2022-03,7.009
W_THA_057,2022-04,7.504
W_THA_057,2022-05,7.385
W_THA_057,2022-06,7.11
W_THA_057,2022-07,6.333
W_THA_057,2022-08,6.322
W_THA_057,2022-09,5.974
W_THA_057,2022-10,6.224
W_THA_057,2022-11,5.359
W_THA_057,2022-12,5.475
W_THA_058,2018-01,5.031
W_THA_058,2018-02,5.087
W_THA_058,2018-03,5.109
W_THA_058,2018-04,5.71
W_THA_058,2018-05,5.591
W_THA_058,2018-06,5.3
W_THA_058,2018-07,4.276
W_THA_058,2018-08,4.253
W_THA_058,2018-09,4.182
W_THA_058,2018-10,3.964
W_THA_058,2018-11,3.39
W_THA_058,2018-12,3.658
W_THA_058,2019-01,4.171
W_THA_058,2019-02,5.095
W_THA_058,2019-03,5.462
W_THA_058,2019-04,5.681
W_THA_058,2019-05,5.967
W_THA_058,2019-06,5.747
W_THA_058,2019-07,4.675
W_THA_058,2019-08,4.108
W_THA_058,2019-09,3.71
W_THA_058,2019-10,4.236
W_THA_058,2019-11,3.188
W_THA_058,2019-12,4.06
W_THA_058,2020-01,4.524
W_THA_058,2020-02,5.69
W_THA_058,2020-03,5.719
W_THA_058,2020-04,5.842
W_THA_058,2020-05,6.169
W_THA_058,2020-06,5.831
W_THA_058,2020-07,5.033
W_THA_058,2020-08,4.743
W_THA_058,2020-09,4.298
W_THA_058,2020-10,4.333
W_THA_058,2020-11,3.401
W_THA_058,2020-12,3.807
W_THA_058,2021-01,4.573
W_THA_058,2021-02,5.264
W_THA_058,2021-03,6.3
W_THA_058,2021-04,6.724
W_THA_058,2021-05,6.216
W_THA_058,2021-06,5.797
W_THA_058,2021-07,5.265
W_THA_058,2021-08,4.479
W_THA_058,2021-09,4.904
W_THA_058,2021-10,4.429
W_THA_058,2021-11,3.927
W_THA_058,2021-12,3.961
W_THA_058,2022-01,4.584
W_THA_058,2022-02,5.438
W_THA_058,2022-03,6.061
W_THA_058,2022-04,6.273
W_THA_058,2022-05,6.022
W_THA_058,2022-06,5.798
W_THA_058,2022-07,
W_THA_058,2022-08,4.515
W_THA_058,2022-09,4.468
W_THA_058,2022-10,5.146
W_THA_058,2022-11,3.916
W_THA_058,2022-12,4.85
W_THA_059,2018-01,2.13
W_THA_059,2018-02,3.179
W_THA_059,2018-03,3.425
W_THA_059,2018-04,3.976
W_THA_059,2018-05,2.98
W_THA_059,2018-06,3.132
W_THA_059,2018-07,2.508
W_THA_059,2018-08,2.611
W_THA_059,2018-09,2.068
W_THA_059,2018-10,1.852
W_THA_059,2018-11,1.824
W_THA_059,2018-12,1.475
W_THA_059,2019-01,2.198
W_THA_059,2019-02,3.244
W_THA_059,2019-03,3.437
W_THA_059,2019-04,3.558
W_THA_059,2019-05,3.562
W_THA_059,2019-06,3.127
W_THA_059,2019-07,2.543
W_THA_059,2019-08,2.728
W_THA_059,2019-09,1.801
W_THA_059,2019-10,2.274
W_THA_059,2019-11,1.789
W_THA_059,2019-12,1.785
W_THA_059,2020-01,2.472
W_THA_059,2020-02,3.718
W_THA_059,2020-03,3.676
W_THA_059,2020-04,4.12
W_THA_059,2020-05,4.009
W_THA_059,2020-06,3.657
W_THA_059,2020-07,3.167
W_THA_059,2020-08,2.566
W_THA_059,2020-09,2.551
W_THA_059,2020-10,2.82
W_THA_059,2020-11,1.677
W_THA_059,2020-12,2.189
W_THA_059,2021-01,2.421
W_THA_059,2021-02,3.245
W_THA_059,2021-03,4.338
W_THA_059,2021-04,3.78
W_THA_059,2021-05,4.55
W_THA_059,2021-06,3.218
W_THA_059,2021-07,2.98
W_THA_059,2021-08,3.061
W_THA_059,2021-09,2.612
W_THA_059,2021-10,2.513
W_THA_059,2021-11,2.045
W_THA_059,2021-12,2.174
W_THA_059,2022-01,2.36
W_THA_059,2022-02,3.053
W_THA_059,2022-03,4.198
W_THA_059,2022-04,4.131
W_THA_059,2022-05,4.105
W_THA_059,2022-06,
W_THA_059,2022-07,3.671
W_THA_059,2022-08,2.991
W_THA_059,2022-09,2.173
W_THA_059,2022-10,2.784
W_THA_059,2022-11,2.146
W_THA_059,2022-12,2.318
W_THA_060,2018-01,3.743
W_THA_060,2018-02,4.65
W_THA_060,2018-03,4.58
W_THA_060,2018-04,4.783
W_THA_060,2018-05,4.91
W_THA_060,2018-06,4.782
W_THA_060,2018-07,3.825
W_THA_060,2018-08,3.658
W_THA_060,2018-09,3.227
W_THA_060,2018-10,3.574
W_THA_060,2018-11,2.507
W_THA_060,2018-12,2.691
W_THA_060,2019-01,3.253
W_THA_060,2019-02,4.611
W_THA_060,2019-03,4.899
W_THA_060,2019-04,4.688
W_THA_060,2019-05,5.235
W_THA_060,2019-06,4.323
W_THA_060,2019-07,3.676
W_THA_060,2019-08,3.47
W_THA_060,2019-09,3.529
W_THA_060,2019-10,3.343
W_THA_060,2019-11,
W_THA_060,2019-12,2.822
W_THA_060,2020-01,3.645
W_THA_060,2020-02,4.552
W_THA_060,2020-03,5.39
W_THA_060,2020-04,5.474
W_THA_060,2020-05,5.57
W_THA_060,2020-06,4.816
W_THA_060,2020-07,4.052
W_THA_060,2020-08,3.648
W_THA_060,2020-09,4.129
W_THA_060,2020-10,3.867
W_THA_060,2020-11,2.876
W_THA_060,2020-12,3.289
W_THA_060,2021-01,3.816
W_THA_060,2021-02,4.877
W_THA_060,2021-03,5.676
W_THA_060,2021-04,5.723
W_THA_060,2021-05,4.945
W_THA_060,2021-06,5.409
W_THA_060,2021-07,4.507
W_THA_060,2021-08,3.861
W_THA_060,2021-09,3.779
W_THA_060,2021-10,3.505
W_THA_060,2021-11,3.193
W_THA_060,2021-12,3.151
W_THA_060,2022-01,3.91
W_THA_060,2022-02,5.023
W_THA_060,2022-03,5.281
W_THA_060,2022-04,5.701
W_THA_060,2022-05,5.06
W_THA_060,2022-06,5.439
W_THA_060,2022-07,4.676
W_THA_060,2022-08,4.016
W_THA_060,2022-09,3.507
W_THA_060,2022-10,3.426
W_THA_060,2022-11,3.741
W_THA_060,2022-12,3.302
W_PUD_001,2018-01,7.806
W_PUD_001,2018-02,7.863
W_PUD_001,2018-03,8.349
W_PUD_001,2018-04,8.419
W_PUD_001,2018-05,8.636
W_PUD_001,2018-06,7.777
W_PUD_001,2018-07,7.271
W_PUD_001,2018-08,7.028
W_PUD_001,2018-09,6.586
W_PUD_001,2018-10,6.729
W_PUD_001,2018-11,6.195
W_PUD_001,2018-12,6.822
W_PUD_001,2019-01,7.512
W_PUD_001,2019-02,8.315
W_PUD_001,2019-03,9.069
W_PUD_001,2019-04,8.488
W_PUD_001,2019-05,8.332
W_PUD_001,2019-06,8.153
W_PUD_001,2019-07,7.645
W_PUD_001,2019-08,7.433
W_PUD_001,2019-09,7.26
W_PUD_001,2019-10,7.04
W_PUD_001,2019-11,7.401
W_PUD_001,2019-12,7.518
W_PUD_001,2020-01,7.565
W_PUD_001,2020-02,8.331
W_PUD_001,2020-03,8.718
W_PUD_001,2020-04,9.288
W_PUD_001,2020-05,8.969
W_PUD_001,2020-06,8.342
W_PUD_001,2020-07,8.013
W_PUD_001,2020-08,7.41
W_PUD_001,2020-09,7.643
W_PUD_001,2020-10,7.981
W_PUD_001,2020-11,7.359
W_PUD_001,2020-12,7.256
W_PUD_001,2021-01,8.036
W_PUD_001,2021-02,8.644
W_PUD_001,2021-03,9.268
W_PUD_001,2021-04,9.506
W_PUD_001,2021-05,8.721
W_PUD_001,2021-06,8.861
W_PUD_001,2021-07,8.217
W_PUD_001,2021-08,7.802
W_PUD_001,2021-09,7.622
W_PUD_001,2021-10,8.411
W_PUD_001,2021-11,7.631
W_PUD_001,2021-12,7.669
W_PUD_001,2022-01,7.984
W_PUD_001,2022-02,9.049
W_PUD_001,2022-03,9.305
W_PUD_001,2022-04,9.649
W_PUD_001,2022-05,9.212
W_PUD_001,2022-06,9.154
W_PUD_001,2022-07,8.838
W_PUD_001,2022-08,8.554
W_PUD_001,2022-09,7.581
W_PUD_001,2022-10,8.32
W_PUD_001,2022-11,7.613
W_PUD_001,2022-12,
W_PUD_002,2018-01,7.377
W_PUD_002,2018-02,7.985
W_PUD_002,2018-03,8.361
W_PUD_002,2018-04,8.039
W_PUD_002,2018-05,8.017
W_PUD_002,2018-06,8.153
W_PUD_002,2018-07,7.167
W_PUD_002,2018-08,7.535
W_PUD_002,2018-09,6.777
W_PUD_002,2018-10,6.494
W_PUD_002,2018-11,6.572
W_PUD_002,2018-12,6.839
W_PUD_002,2019-01,7.123
W_PUD_002,2019-02,7.996
W_PUD_002,2019-03,8.651
W_PUD_002,2019-04,8.326
W_PUD_002,2019-05,8.327
W_PUD_002,2019-06,8.075
W_PUD_002,2019-07,7.527
W_PUD_002,2019-08,7.382
W_PUD_002,2019-09,7.169
W_PUD_002,2019-10,7.258
W_PUD_002,2019-11,7.203
W_PUD_002,2019-12,7.218
W_PUD_002,2020-01,7.36
W_PUD_002,2020-02,8.453
W_PUD_002,2020-03,8.706
W_PUD_002,2020-04,8.605
W_PUD_002,2020-05,8.829
W_PUD_002,2020-06,8.165
W_PUD_002,2020-07,8.088
W_PUD_002,2020-08,7.45
W_PUD_002,2020-09,6.982
W_PUD_002,2020-10,7.619
W_PUD_002,2020-11,7.02
W_PUD_002,2020-12,7.5
W_PUD_002,2021-01,7.61
W_PUD_002,2021-02,8.7
W_PUD_002,2021-03,9.147
W_PUD_002,2021-04,9.765
W_PUD_002,2021-05,9.121
W_PUD_002,2021-06,
W_PUD_002,2021-07,8.021
W_PUD_002,2021-08,8.204
W_PUD_002,2021-09,7.982
W_PUD_002,2021-10,7.645
W_PUD_002,2021-11,7.531
W_PUD_002,2021-12,8.045
W_PUD_002,2022-01,8.172
W_PUD_002,2022-02,8.841
W_PUD_002,2022-03,9.307
W_PUD_002,2022-04,9.561
W_PUD_002,2022-05,9.87
W_PUD_002,2022-06,8.728
W_PUD_002,2022-07,8.65
W_PUD_002,2022-08,8.22
W_PUD_002,2022-09,8.448
W_PUD_002,2022-10,8.202
W_PUD_002,2022-11,7.623
W_PUD_002,2022-12,7.875
W_PUD_003,2018-01,7.721
W_PUD_003,2018-02,8.2
W_PUD_003,2018-03,8.168
W_PUD_003,2018-04,8.358
W_PUD_003,2018-05,8.559
W_PUD_003,2018-06,8.187
W_PUD_003,2018-07,7.476
W_PUD_003,2018-08,6.868
W_PUD_003,2018-09,6.659
W_PUD_003,2018-10,6.935
W_PUD_003,2018-11,
W_PUD_003,2018-12,7.296
W_PUD_003,2019-01,7.303
W_PUD_003,2019-02,8.215
W_PUD_003,2019-03,8.915
W_PUD_003,2019-04,8.98
W_PUD_003,2019-05,8.455
W_PUD_003,2019-06,8.749
W_PUD_003,2019-07,8.126
W_PUD_003,2019-08,7.431
W_PUD_003,2019-09,7.043
W_PUD_003,2019-10,7.508
W_PUD_003,2019-11,6.879
W_PUD_003,2019-12,7.131
W_PUD_003,2020-01,7.644
W_PUD_003,2020-02,8.309
W_PUD_003,2020-03,9.017
W_PUD_003,2020-04,9.369
W_PUD_003,2020-05,9.057
W_PUD_003,2020-06,8.803
W_PUD_003,2020-07,8.198
W_PUD_003,2020-08,7.871
W_PUD_003,2020-09,7.867
W_PUD_003,2020-10,7.347
W_PUD_003,2020-11,6.811
W_PUD_003,2020-12,7.523
W_PUD_003,2021-01,8.008
W_PUD_003,2021-02,8.753
W_PUD_003,2021-03,9.494
W_PUD_003,2021-04,9.538
W_PUD_003,2021-05,9.233
W_PUD_003,2021-06,9.385
W_PUD_003,2021-07,8.235
W_PUD_003,2021-08,7.621
W_PUD_003,2021-09,7.617
W_PUD_003,2021-10,7.823
W_PUD_003,2021-11,7.73
W_PUD_003,2021-12,8.033
W_PUD_003,2022-01,8.116
W_PUD_003,2022-02,9.432
W_PUD_003,2022-03,9.753
W_PUD_003,2022-04,9.562
W_PUD_003,2022-05,10.078
W_PUD_003,2022-06,9.776
W_PUD_003,2022-07,8.748
W_PUD_003,2022-08,8.665
W_PUD_003,2022-09,8.131
W_PUD_003,2022-10,8.243
W_PUD_003,2022-11,7.786
W_PUD_003,2022-12,8.224
W_PUD_004,2018-01,8.236
W_PUD_004,2018-02,8.856
W_PUD_004,2018-03,9.285
W_PUD_004,2018-04,9.165
W_PUD_004,2018-05,9.148
W_PUD_004,2018-06,8.591
W_PUD_004,2018-07,7.821
W_PUD_004,2018-08,8.037
W_PUD_004,2018-09,7.735
W_PUD_004,2018-10,7.814
W_PUD_004,2018-11,7.136
W_PUD_004,2018-12,7.384
W_PUD_004,2019-01,7.996
W_PUD_004,2019-02,
W_PUD_004,2019-03,9.251
W_PUD_004,2019-04,9.569
W_PUD_004,2019-05,9.485
W_PUD_004,2019-06,8.798
W_PUD_004,2019-07,8.323
W_PUD_004,2019-08,8.132
W_PUD_004,2019-09,8.43
W_PUD_004,2019-10,8.019
W_PUD_004,2019-11,7.796
W_PUD_004,2019-12,7.737
W_PUD_004,2020-01,8.061
W_PUD_004,2020-02,9.213
W_PUD_004,2020-03,9.673
W_PUD_004,2020-04,9.875
W_PUD_004,2020-05,9.558
W_PUD_004,2020-06,9.633
W_PUD_004,2020-07,9.025
W_PUD_004,2020-08,8.215
W_PUD_004,2020-09,8.837
W_PUD_004,2020-10,8.477
W_PUD_004,2020-11,7.703
W_PUD_004,2020-12,8.139
W_PUD_004,2021-01,8.699
W_PUD_004,2021-02,9.132
W_PUD_004,2021-03,9.736
W_PUD_004,2021-04,10.209
W_PUD_004,2021-05,10.063
W_PUD_004,2021-06,9.821
W_PUD_004,2021-07,9.15
W_PUD_004,2021-08,9.262
W_PUD_004,2021-09,8.482
W_PUD_004,2021-10,8.5
W_PUD_004,2021-11,8.234
W_PUD_004,2021-12,8.393
W_PUD_004,2022-01,9.637
W_PUD_004,2022-02,9.823
W_PUD_004,2022-03,10.233
W_PUD_004,2022-04,10.674
W_PUD_004,2022-05,10.122
W_PUD_004,2022-06,10.458
W_PUD_004,2022-07,9.486
W_PUD_004,2022-08,8.975
W_PUD_004,2022-09,8.927
W_PUD_004,2022-10,8.927
W_PUD_004,2022-11,8.681
W_PUD_004,2022-12,8.596
W_PUD_005,2018-01,7.895
W_PUD_005,2018-02,7.921
W_PUD_005,2018-03,8.028
W_PUD_005,2018-04,8.189
W_PUD_005,2018-05,8.366
W_PUD_005,2018-06,7.72
W_PUD_005,2018-07,7.528
W_PUD_005,2018-08,7.199
W_PUD_005,2018-09,6.234
W_PUD_005,2018-10,6.605
W_PUD_005,2018-11,6.374
W_PUD_005,2018-12,6.692
W_PUD_005,2019-01,7.206
W_PUD_005,2019-02,7.833
W_PUD_005,2019-03,8.301
W_PUD_005,2019-04,8.788
W_PUD_005,2019-05,8.422
W_PUD_005,2019-06,7.991
W_PUD_005,2019-07,7.509
W_PUD_005,2019-08,7.351
W_PUD_005,2019-09,7.144
W_PUD_005,2019-10,7.065
W_PUD_005,2019-11,6.591
W_PUD_005,2019-12,7.204
W_PUD_005,2020-01,7.623
W_PUD_005,2020-02,
W_PUD_005,2020-03,9.325
W_PUD_005,2020-04,9.206
W_PUD_005,2020-05,8.768
W_PUD_005,2020-06,8.552
W_PUD_005,2020-07,8.102
W_PUD_005,2020-08,7.841
W_PUD_005,2020-09,7.327
W_PUD_005,2020-10,7.309
W_PUD_005,2020-11,6.91
W_PUD_005,2020-12,6.882
W_PUD_005,2021-01,7.006
W_PUD_005,2021-02,8.739
W_PUD_005,2021-03,9.246
W_PUD_005,2021-04,8.742
W_PUD_005,2021-05,8.892
W_PUD_005,2021-06,8.645
W_PUD_005,2021-07,8.345
W_PUD_005,2021-08,8.134
W_PUD_005,2021-09,7.811
W_PUD_005,2021-10,7.688
W_PUD_005,2021-11,7.528
W_PUD_005,2021-12,7.881
W_PUD_005,2022-01,8.173
W_PUD_005,2022-02,8.911
W_PUD_005,2022-03,8.976
W_PUD_005,2022-04,9.979
W_PUD_005,2022-05,8.877
W_PUD_005,2022-06,9.577
W_PUD_005,2022-07,8.545
W_PUD_005,2022-08,8.38
W_PUD_005,2022-09,8.088
W_PUD_005,2022-10,8.116
W_PUD_005,2022-11,7.798
W_PUD_005,2022-12,7.728
W_PUD_006,2018-01,6.238
W_PUD_006,2018-02,5.965
W_PUD_006,2018-03,6.59
W_PUD_006,2018-04,7.016
W_PUD_006,2018-05,7.262
W_PUD_006,2018-06,6.651
W_PUD_006,2018-07,5.412
W_PUD_006,2018-08,5.792
W_PUD_006,2018-09,5.1
W_PUD_006,2018-10,5.411
W_PUD_006,2018-11,5.428
W_PUD_006,2018-12,5.493
W_PUD_006,2019-01,5.721
W_PUD_006,2019-02,6.327
W_PUD_006,2019-03,6.75
W_PUD_006,2019-04,7.12
W_PUD_006,2019-05,7.278
W_PUD_006,2019-06,6.888
W_PUD_006,2019-07,6.053
W_PUD_006,2019-08,6.162
W_PUD_006,2019-09,5.463
W_PUD_006,2019-10,5.651
W_PUD_006,2019-11,5.631
W_PUD_006,2019-12,5.438
W_PUD_006,2020-01,6.035
W_PUD_006,2020-02,7.125
W_PUD_006,2020-03,6.814
W_PUD_006,2020-04,7.578
W_PUD_006,2020-05,7.414
W_PUD_006,2020-06,6.633
W_PUD_006,2020-07,6.721
W_PUD_006,2020-08,5.711
W_PUD_006,2020-09,6.357
W_PUD_006,2020-10,6.078
W_PUD_006,2020-11,5.2
W_PUD_006,2020-12,5.353
W_PUD_006,2021-01,6.894
W_PUD_006,2021-02,7.37
W_PUD_006,2021-03,8.077
W_PUD_006,2021-04,7.413
W_PUD_006,2021-05,7.811
W_PUD_006,2021-06,7.558
W_PUD_006,2021-07,6.765
W_PUD_006,2021-08,6.158
W_PUD_006,2021-09,6.333
W_PUD_006,2021-10,6.255
W_PUD_006,2021-11,6.379
W_PUD_006,2021-12,6.164
W_PUD_006,2022-01,6.635
W_PUD_006,2022-02,7.669
W_PUD_006,2022-03,
W_PUD_006,2022-04,8.275
W_PUD_006,2022-05,8.179
W_PUD_006,2022-06,7.434
W_PUD_006,2022-07,7.66
W_PUD_006,2022-08,6.486
W_PUD_006,2022-09,6.6
W_PUD_006,2022-10,6.297
W_PUD_006,2022-11,6.525
W_PUD_006,2022-12,6.297
W_PUD_007,2018-01,6.09
W_PUD_007,2018-02,6.769
W_PUD_007,2018-03,7.129
W_PUD_007,2018-04,6.524
W_PUD_007,2018-05,6.622
W_PUD_007,2018-06,6.722
W_PUD_007,2018-07,6.51
W_PUD_007,2018-08,6.099
W_PUD_007,2018-09,5.12
W_PUD_007,2018-10,5.169
W_PUD_007,2018-11,5.017
W_PUD_007,2018-12,5.357
W_PUD_007,2019-01,6.235
W_PUD_007,2019-02,7.064
W_PUD_007,2019-03,6.883
W_PUD_007,2019-04,7.298
W_PUD_007,2019-05,7.222
W_PUD_007,2019-06,6.907
W_PUD_007,2019-07,6.771
W_PUD_007,2019-08,6.239
W_PUD_007,2019-09,6.188
W_PUD_007,2019-10,5.833
W_PUD_007,2019-11,5.868
W_PUD_007,2019-12,5.267
W_PUD_007,2020-01,5.966
W_PUD_007,2020-02,7.025
W_PUD_007,2020-03,7.368
W_PUD_007,2020-04,7.652
W_PUD_007,2020-05,7.694
W_PUD_007,2020-06,7.361
W_PUD_007,2020-07,7.086
W_PUD_007,2020-08,6.293
W_PUD_007,2020-09,6.051
W_PUD_007,2020-10,6.02
W_PUD_007,2020-11,5.899
W_PUD_007,2020-12,6.286
W_PUD_007,2021-01,6.842
W_PUD_007,2021-02,7.178
W_PUD_007,2021-03,7.921
W_PUD_007,2021-04,8.146
W_PUD_007,2021-05,8.104
W_PUD_007,2021-06,7.564
W_PUD_007,2021-07,7.352
W_PUD_007,2021-08,6.865
W_PUD_007,2021-09,6.56
W_PUD_007,2021-10,6.332
W_PUD_007,2021-11,5.555
W_PUD_007,2021-12,6.778
W_PUD_007,2022-01,6.839
W_PUD_007,2022-02,7.949
W_PUD_007,2022-03,8.323
W_PUD_007,2022-04,8.327
W_PUD_007,2022-05,8.278
W_PUD_007,2022-06,7.794
W_PUD_007,2022-07,7.696
W_PUD_007,2022-08,
W_PUD_007,2022-09,6.986
W_PUD_007,2022-10,6.66
W_PUD_007,2022-11,5.964
W_PUD_007,2022-12,7.009
W_PUD_008,2018-01,6.663
W_PUD_008,2018-02,7.301
W_PUD_008,2018-03,7.535
W_PUD_008,2018-04,7.64
W_PUD_008,2018-05,7.971
W_PUD_008,2018-06,7.181
W_PUD_008,2018-07,6.576
W_PUD_008,2018-08,6.482
W_PUD_008,2018-09,5.776
W_PUD_008,2018-10,6.173
W_PUD_008,2018-11,6.15
W_PUD_008,2018-12,6.09
W_PUD_008,2019-01,6.531
W_PUD_008,2019-02,7.139
W_PUD_008,2019-03,7.406
W_PUD_008,2019-04,8.0
W_PUD_008,2019-05,7.334
W_PUD_008,2019-06,7.729
W_PUD_008,2019-07,6.996
W_PUD_008,2019-08,6.872
W_PUD_008,2019-09,5.862
W_PUD_008,2019-10,6.546
W_PUD_008,2019-11,6.285
W_PUD_008,2019-12,6.232
W_PUD_008,2020-01,6.642
W_PUD_008,2020-02,7.51
W_PUD_008,2020-03,8.204
W_PUD_008,2020-04,8.811
W_PUD_008,2020-05,7.997
W_PUD_008,2020-06,7.926
W_PUD_008,2020-07,7.243
W_PUD_008,2020-08,6.522
W_PUD_008,2020-09,
W_PUD_008,2020-10,6.53
W_PUD_008,2020-11,6.024
W_PUD_008,2020-12,6.279
W_PUD_008,2021-01,7.199
W_PUD_008,2021-02,8.201
W_PUD_008,2021-03,8.222
W_PUD_008,2021-04,9.142
W_PUD_008,2021-05,8.165
W_PUD_008,2021-06,7.622
W_PUD_008,2021-07,7.398
W_PUD_008,2021-08,7.05
W_PUD_008,2021-09,6.664
W_PUD_008,2021-10,7.418
W_PUD_008,2021-11,6.812
W_PUD_008,2021-12,7.142
W_PUD_008,2022-01,6.872
W_PUD_008,2022-02,8.703
W_PUD_008,2022-03,8.251
W_PUD_008,2022-04,8.899
W_PUD_008,2022-05,8.416
W_PUD_008,2022-06,8.515
W_PUD_008,2022-07,7.828
W_PUD_008,2022-08,7.796
W_PUD_008,2022-09,7.166
W_PUD_008,2022-10,7.103
W_PUD_008,2022-11,6.851
W_PUD_008,2022-12,6.884
W_PUD_009,2018-01,8.681
W_PUD_009,2018-02,9.285
W_PUD_009,2018-03,9.799
W_PUD_009,2018-04,9.257
W_PUD_009,2018-05,9.735
W_PUD_009,2018-06,9.055
W_PUD_009,2018-07,8.568
W_PUD_009,2018-08,8.454
W_PUD_009,2018-09,7.692
W_PUD_009,2018-10,7.727
W_PUD_009,2018-11,7.651
W_PUD_009,2018-12,8.087
W_PUD_009,2019-01,8.749
W_PUD_009,2019-02,9.322
W_PUD_009,2019-03,
W_PUD_009,2019-04,9.868
W_PUD_009,2019-05,9.608
W_PUD_009,2019-06,9.885
W_PUD_009,2019-07,8.957
W_PUD_009,2019-08,8.804
W_PUD_009,2019-09,8.296
W_PUD_009,2019-10,8.467
W_PUD_009,2019-11,8.095
W_PUD_009,2019-12,8.382
W_PUD_009,2020-01,8.988
W_PUD_009,2020-02,9.772
W_PUD_009,2020-03,10.059
W_PUD_009,2020-04,10.358
W_PUD_009,2020-05,9.791
W_PUD_009,2020-06,10.046
W_PUD_009,2020-07,9.237
W_PUD_009,2020-08,8.945
W_PUD_009,2020-09,8.898
W_PUD_009,2020-10,9.114
W_PUD_009,2020-11,8.3
W_PUD_009,2020-12,8.807
W_PUD_009,2021-01,9.071
W_PUD_009,2021-02,10.131
W_PUD_009,2021-03,10.431
W_PUD_009,2021-04,10.874
W_PUD_009,2021-05,10.706
W_PUD_009,2021-06,10.5
W_PUD_009,2021-07,9.609
W_PUD_009,2021-08,8.577
W_PUD_009,2021-09,8.499
W_PUD_009,2021-10,8.785
W_PUD_009,2021-11,8.818
W_PUD_009,2021-12,8.53
W_PUD_009,2022-01,9.457
W_PUD_009,2022-02,10.729
W_PUD_009,2022-03,10.487
W_PUD_009,2022-04,10.644
W_PUD_009,2022-05,10.723
W_PUD_009,2022-06,10.379
W_PUD_009,2022-07,9.931
W_PUD_009,2022-08,9.856
W_PUD_009,2022-09,9.039
W_PUD_009,2022-10,9.657
W_PUD_009,2022-11,9.313
W_PUD_009,2022-12,9.216
W_PUD_010,2018-01,6.323
W_PUD_010,2018-02,6.315
W_PUD_010,2018-03,6.972
W_PUD_010,2018-04,7.061
W_PUD_010,2018-05,
W_PUD_010,2018-06,6.985
W_PUD_010,2018-07,6.119
W_PUD_010,2018-08,6.084
W_PUD_010,2018-09,5.489
W_PUD_010,2018-10,5.79
W_PUD_010,2018-11,5.252
W_PUD_010,2018-12,5.645
W_PUD_010,2019-01,6.633
W_PUD_010,2019-02,6.842
W_PUD_010,2019-03,7.369
W_PUD_010,2019-04,7.06
W_PUD_010,2019-05,7.355
W_PUD_010,2019-06,6.652
W_PUD_010,2019-07,7.117
W_PUD_010,2019-08,6.514
W_PUD_010,2019-09,5.54
W_PUD_010,2019-10,6.142
W_PUD_010,2019-11,5.779
W_PUD_010,2019-12,5.699
W_PUD_010,2020-01,6.554
W_PUD_010,2020-02,7.146
W_PUD_010,2020-03,7.37
W_PUD_010,2020-04,7.64
W_PUD_010,2020-05,8.069
W_PUD_010,2020-06,7.43
W_PUD_010,2020-07,7.238
W_PUD_010,2020-08,6.597
W_PUD_010,2020-09,6.141
W_PUD_010,2020-10,5.949
W_PUD_010,2020-11,5.607
W_PUD_010,2020-12,6.063
W_PUD_010,2021-01,6.575
W_PUD_010,2021-02,7.391
W_PUD_010,2021-03,7.705
W_PUD_010,2021-04,7.875
W_PUD_010,2021-05,7.97
W_PUD_010,2021-06,8.003
W_PUD_010,2021-07,7.128
W_PUD_010,2021-08,6.758
W_PUD_010,2021-09,6.473
W_PUD_010,2021-10,6.699
W_PUD_010,2021-11,6.478
W_PUD_010,2021-12,6.462
W_PUD_010,2022-01,6.918
W_PUD_010,2022-02,8.176
W_PUD_010,2022-03,8.317
W_PUD_010,2022-04,8.38
W_PUD_010,2022-05,8.358
W_PUD_010,2022-06,8.17
W_PUD_010,2022-07,7.403
W_PUD_010,2022-08,6.941
W_PUD_010,2022-09,6.793
W_PUD_010,2022-10,7.152
W_PUD_010,2022-11,6.585
W_PUD_010,2022-12,6.311
W_PUD_011,2018-01,8.483
W_PUD_011,2018-02,8.835
W_PUD_011,2018-03,9.604
W_PUD_011,2018-04,9.665
W_PUD_011,2018-05,9.334
W_PUD_011,2018-06,8.724
W_PUD_011,2018-07,8.062
W_PUD_011,2018-08,8.164
W_PUD_011,2018-09,7.671
W_PUD_011,2018-10,7.59
W_PUD_011,2018-11,7.891
W_PUD_011,2018-12,7.816
W_PUD_011,2019-01,8.592
W_PUD_011,2019-02,8.862
W_PUD_011,2019-03,9.573
W_PUD_011,2019-04,9.794
W_PUD_011,2019-05,9.648
W_PUD_011,2019-06,9.334
W_PUD_011,2019-07,9.611
W_PUD_011,2019-08,8.895
W_PUD_011,2019-09,8.782
W_PUD_011,2019-10,8.104
W_PUD_011,2019-11,8.094
W_PUD_011,2019-12,8.104
W_PUD_011,2020-01,8.904
W_PUD_011,2020-02,9.047
W_PUD_011,2020-03,9.795
W_PUD_011,2020-04,9.949
W_PUD_011,2020-05,9.508
W_PUD_011,2020-06,9.436
W_PUD_011,2020-07,9.405
W_PUD_011,2020-08,8.904
W_PUD_011,2020-09,8.823
W_PUD_011,2020-10,8.509
W_PUD_011,2020-11,8.043
W_PUD_011,2020-12,8.793
W_PUD_011,2021-01,8.605
W_PUD_011,2021-02,10.044
W_PUD_011,2021-03,10.239
W_PUD_011,2021-04,10.893
W_PUD_011,2021-05,10.298
W_PUD_011,2021-06,9.808
W_PUD_011,2021-07,9.458
W_PUD_011,2021-08,8.845
W_PUD_011,2021-09,9.059
W_PUD_011,2021-10,9.077
W_PUD_011,2021-11,8.406
W_PUD_011,2021-12,8.58
W_PUD_011,2022-01,9.324
W_PUD_011,2022-02,10.174
W_PUD_011,2022-03,10.788
W_PUD_011,2022-04,10.862
W_PUD_011,2022-05,
W_PUD_011,2022-06,10.452
W_PUD_011,2022-07,9.784
W_PUD_011,2022-08,9.286
W_PUD_011,2022-09,9.25
W_PUD_011,2022-10,9.342
W_PUD_011,2022-11,8.339
W_PUD_011,2022-12,8.995
W_PUD_012,2018-01,9.175
W_PUD_012,2018-02,8.703
W_PUD_012,2018-03,9.601
W_PUD_012,2018-04,9.592
W_PUD_012,2018-05,9.744
W_PUD_012,2018-06,9.239
W_PUD_012,2018-07,8.788
W_PUD_012,2018-08,8.349
W_PUD_012,2018-09,8.001
W_PUD_012,2018-10,8.423
W_PUD_012,2018-11,7.202
W_PUD_012,2018-12,8.097
W_PUD_012,2019-01,8.066
W_PUD_012,2019-02,9.656
W_PUD_012,2019-03,9.423
W_PUD_012,2019-04,10.111
W_PUD_012,2019-05,10.16
W_PUD_012,2019-06,9.402
W_PUD_012,2019-07,
W_PUD_012,2019-08,8.772
W_PUD_012,2019-09,8.404
W_PUD_012,2019-10,8.66
W_PUD_012,2019-11,8.027
W_PUD_012,2019-12,8.366
W_PUD_012,2020-01,8.762
W_PUD_012,2020-02,9.582
W_PUD_012,2020-03,10.02
W_PUD_012,2020-04,9.845
W_PUD_012,2020-05,10.058
W_PUD_012,2020-06,10.416
W_PUD_012,2020-07,9.077
W_PUD_012,2020-08,8.657
W_PUD_012,2020-09,8.513
W_PUD_012,2020-10,8.999
W_PUD_012,2020-11,8.598
W_PUD_012,2020-12,8.846
W_PUD_012,2021-01,8.642
W_PUD_012,2021-02,10.236
W_PUD_012,2021-03,10.611
W_PUD_012,2021-04,10.537
W_PUD_012,2021-05,10.36
W_PUD_012,2021-06,10.079
W_PUD_012,2021-07,9.768
W_PUD_012,2021-08,9.326
W_PUD_012,2021-09,9.061
W_PUD_012,2021-10,8.613
W_PUD_012,2021-11,8.929
W_PUD_012,2021-12,9.048
W_PUD_012,2022-01,9.129
W_PUD_012,2022-02,10.357
W_PUD_012,2022-03,10.833
W_PUD_012,2022-04,10.258
W_PUD_012,2022-05,10.825
W_PUD_012,2022-06,10.559
W_PUD_012,2022-07,10.177
W_PUD_012,2022-08,9.655
W_PUD_012,2022-09,9.438
W_PUD_012,2022-10,9.327
W_PUD_012,2022-11,8.978
W_PUD_012,2022-12,9.001
W_PUD_013,2018-01,6.695
W_PUD_013,2018-02,6.994
W_PUD_013,2018-03,7.43
W_PUD_013,2018-04,7.674
W_PUD_013,2018-05,7.484
W_PUD_013,2018-06,7.46
W_PUD_013,2018-07,6.734
W_PUD_013,2018-08,6.739
W_PUD_013,2018-09,
W_PUD_013,2018-10,6.31
W_PUD_013,2018-11,6.168
W_PUD_013,2018-12,5.921
W_PUD_013,2019-01,6.178
W_PUD_013,2019-02,7.56
W_PUD_013,2019-03,7.681
W_PUD_013,2019-04,8.056
W_PUD_013,2019-05,7.327
W_PUD_013,2019-06,7.663
W_PUD_013,2019-07,6.995
W_PUD_013,2019-08,6.935
W_PUD_013,2019-09,6.31
W_PUD_013,2019-10,6.15
W_PUD_013,2019-11,6.142
W_PUD_013,2019-12,6.354
W_PUD_013,2020-01,6.712
W_PUD_013,2020-02,7.801
W_PUD_013,2020-03,8.362
W_PUD_013,2020-04,8.676
W_PUD_013,2020-05,8.356
W_PUD_013,2020-06,7.747
W_PUD_013,2020-07,7.687
W_PUD_013,2020-08,7.164
W_PUD_013,2020-09,6.501
W_PUD_013,2020-10,6.55
W_PUD_013,2020-11,6.391
W_PUD_013,2020-12,6.398
W_PUD_013,2021-01,7.37
W_PUD_013,2021-02,7.503
W_PUD_013,2021-03,8.06
W_PUD_013,2021-04,8.403
W_PUD_013,2021-05,8.696
W_PUD_013,2021-06,8.14
W_PUD_013,2021-07,7.787
W_PUD_013,2021-08,7.42
W_PUD_013,2021-09,7.207
W_PUD_013,2021-10,6.786
W_PUD_013,2021-11,6.974
W_PUD_013,2021-12,7.1
W_PUD_013,2022-01,7.66
W_PUD_013,2022-02,8.218
W_PUD_013,2022-03,8.611
W_PUD_013,2022-04,8.231
W_PUD_013,2022-05,9.186
W_PUD_013,2022-06,8.265
W_PUD_013,2022-07,8.075
W_PUD_013,2022-08,7.848
W_PUD_013,2022-09,7.185
W_PUD_013,2022-10,7.4
W_PUD_013,2022-11,6.985
W_PUD_013,2022-12,7.227
W_PUD_014,2018-01,7.342
W_PUD_014,2018-02,8.162
W_PUD_014,2018-03,7.948
W_PUD_014,2018-04,8.367
W_PUD_014,2018-05,8.145
W_PUD_014,2018-06,7.874
W_PUD_014,2018-07,7.627
W_PUD_014,2018-08,7.344
W_PUD_014,2018-09,6.7
W_PUD_014,2018-10,6.391
W_PUD_014,2018-11,6.447
W_PUD_014,2018-12,6.565
W_PUD_014,2019-01,7.289
W_PUD_014,2019-02,8.06
W_PUD_014,2019-03,8.111
W_PUD_014,2019-04,8.577
W_PUD_014,2019-05,8.716
W_PUD_014,2019-06,8.978
W_PUD_014,2019-07,7.283
W_PUD_014,2019-08,7.823
W_PUD_014,2019-09,7.056
W_PUD_014,2019-10,7.333
W_PUD_014,2019-11,6.887
W_PUD_014,2019-12,6.964
W_PUD_014,2020-01,7.906
W_PUD_014,2020-02,8.468
W_PUD_014,2020-03,8.613
W_PUD_014,2020-04,8.941
W_PUD_014,2020-05,8.513
W_PUD_014,2020-06,8.71
W_PUD_014,2020-07,8.101
W_PUD_014,2020-08,7.413
W_PUD_014,2020-09,7.662
W_PUD_014,2020-10,
W_PUD_014,2020-11,7.353
W_PUD_014,2020-12,7.42
W_PUD_014,2021-01,7.625
W_PUD_014,2021-02,8.674
W_PUD_014,2021-03,9.038
W_PUD_014,2021-04,9.387
W_PUD_014,2021-05,8.733
W_PUD_014,2021-06,9.085
W_PUD_014,2021-07,8.389
W_PUD_014,2021-08,7.914
W_PUD_014,2021-09,7.195
W_PUD_014,2021-10,7.566
W_PUD_014,2021-11,7.877
W_PUD_014,2021-12,7.541
W_PUD_014,2022-01,8.158
W_PUD_014,2022-02,8.972
W_PUD_014,2022-03,9.783
W_PUD_014,2022-04,9.722
W_PUD_014,2022-05,9.259
W_PUD_014,2022-06,8.989
W_PUD_014,2022-07,8.642
W_PUD_014,2022-08,8.337
W_PUD_014,2022-09,7.764
W_PUD_014,2022-10,8.022
W_PUD_014,2022-11,7.746
W_PUD_014,2022-12,7.991
W_PUD_015,2018-01,9.024
W_PUD_015,2018-02,9.372
W_PUD_015,2018-03,10.455
W_PUD_015,2018-04,9.594
W_PUD_015,2018-05,9.999
W_PUD_015,2018-06,9.767
W_PUD_015,2018-07,8.578
W_PUD_015,2018-08,8.711
W_PUD_015,2018-09,8.187
W_PUD_015,2018-10,8.761
W_PUD_015,2018-11,7.972
W_PUD_015,2018-12,8.441
W_PUD_015,2019-01,8.684
W_PUD_015,2019-02,9.525
W_PUD_015,2019-03,10.324
W_PUD_015,2019-04,10.041
W_PUD_015,2019-05,10.118
W_PUD_015,2019-06,9.827
W_PUD_015,2019-07,9.233
W_PUD_015,2019-08,8.881
W_PUD_015,2019-09,8.719
W_PUD_015,2019-10,9.122
W_PUD_015,2019-11,8.726
W_PUD_015,2019-12,8.742
W_PUD_015,2020-01,9.49
W_PUD_015,2020-02,10.171
W_PUD_015,2020-03,10.518
W_PUD_015,2020-04,10.428
W_PUD_015,2020-05,10.51
W_PUD_015,2020-06,10.022
W_PUD_015,2020-07,9.738
W_PUD_015,2020-08,9.377
W_PUD_015,2020-09,9.128
W_PUD_015,2020-10,9.192
W_PUD_015,2020-11,8.523
W_PUD_015,2020-12,8.638
W_PUD_015,2021-01,9.644
W_PUD_015,2021-02,10.702
W_PUD_015,2021-03,10.996
W_PUD_015,2021-04,10.86
W_PUD_015,2021-05,10.869
W_PUD_015,2021-06,10.287
W_PUD_015,2021-07,9.684
W_PUD_015,2021-08,9.806
W_PUD_015,2021-09,9.695
W_PUD_015,2021-10,9.359
W_PUD_015,2021-11,8.768
W_PUD_015,2021-12,9.621
W_PUD_015,2022-01,9.833
W_PUD_015,2022-02,10.977
W_PUD_015,2022-03,11.07
W_PUD_015,2022-04,11.148
W_PUD_015,2022-05,11.068
W_PUD_015,2022-06,10.792
W_PUD_015,2022-07,10.386
W_PUD_015,2022-08,10.009
W_PUD_015,2022-09,9.843
W_PUD_015,2022-10,9.612
W_PUD_015,2022-11,
W_PUD_015,2022-12,9.838
W_PUD_016,2018-01,7.523
W_PUD_016,2018-02,7.749
W_PUD_016,2018-03,7.991
W_PUD_016,2018-04,8.208
W_PUD_016,2018-05,8.328
W_PUD_016,2018-06,7.476
W_PUD_016,2018-07,7.341
W_PUD_016,2018-08,7.215
W_PUD_016,2018-09,6.739
W_PUD_016,2018-10,6.702
W_PUD_016,2018-11,6.029
W_PUD_016,2018-12,6.487
W_PUD_016,2019-01,7.199
W_PUD_016,2019-02,8.47
W_PUD_016,2019-03,8.448
W_PUD_016,2019-04,8.799
W_PUD_016,2019-05,8.356
W_PUD_016,2019-06,8.146
W_PUD_016,2019-07,7.406
W_PUD_016,2019-08,7.534
W_PUD_016,2019-09,7.043
W_PUD_016,2019-10,7.302
W_PUD_016,2019-11,6.409
W_PUD_016,2019-12,7.561
W_PUD_016,2020-01,7.364
W_PUD_016,2020-02,8.545
W_PUD_016,2020-03,8.624
W_PUD_016,2020-04,9.131
W_PUD_016,2020-05,8.816
W_PUD_016,2020-06,8.316
W_PUD_016,2020-07,7.624
W_PUD_016,2020-08,7.931
W_PUD_016,2020-09,7.123
W_PUD_016,2020-10,7.911
W_PUD_016,2020-11,7.092
W_PUD_016,2020-12,7.592
W_PUD_016,2021-01,7.924
W_PUD_016,2021-02,8.486
W_PUD_016,2021-03,8.909
W_PUD_016,2021-04,9.141
W_PUD_016,2021-05,9.004
W_PUD_016,2021-06,8.695
W_PUD_016,2021-07,8.096
W_PUD_016,2021-08,8.514
W_PUD_016,2021-09,7.986
W_PUD_016,2021-10,7.704
W_PUD_016,2021-11,7.196
W_PUD_016,2021-12,7.586
W_PUD_016,2022-01,8.008
W_PUD_016,2022-02,9.329
W_PUD_016,2022-03,9.259
W_PUD_016,2022-04,9.391
W_PUD_016,2022-05,
W_PUD_016,2022-06,9.148
W_PUD_016,2022-07,8.829
W_PUD_016,2022-08,8.249
W_PUD_016,2022-09,7.996
W_PUD_016,2022-10,8.12
W_PUD_016,2022-11,7.928
W_PUD_016,2022-12,7.87
W_PUD_017,2018-01,8.759
W_PUD_017,2018-02,9.351
W_PUD_017,2018-03,9.469
W_PUD_017,2018-04,10.089
W_PUD_017,2018-05,9.536
W_PUD_017,2018-06,9.411
W_PUD_017,2018-07,
W_PUD_017,2018-08,8.791
W_PUD_017,2018-09,8.239
W_PUD_017,2018-10,8.534
W_PUD_017,2018-11,8.248
W_PUD_017,2018-12,8.024
W_PUD_017,2019-01,8.85
W_PUD_017,2019-02,9.716
W_PUD_017,2019-03,9.899
W_PUD_017,2019-04,10.109
W_PUD_017,2019-05,9.689
W_PUD_017,2019-06,9.384
W_PUD_017,2019-07,9.339
W_PUD_017,2019-08,8.836
W_PUD_017,2019-09,8.658
W_PUD_017,2019-10,8.268
W_PUD_017,2019-11,8.52
W_PUD_017,2019-12,8.699
W_PUD_017,2020-01,8.819
W_PUD_017,2020-02,9.714
W_PUD_017,2020-03,9.879
W_PUD_017,2020-04,10.445
W_PUD_017,2020-05,10.233
W_PUD_017,2020-06,9.653
W_PUD_017,2020-07,9.43
W_PUD_017,2020-08,9.393
W_PUD_017,2020-09,8.459
W_PUD_017,2020-10,8.984
W_PUD_017,2020-11,8.337
W_PUD_017,2020-12,8.911
W_PUD_017,2021-01,8.859
W_PUD_017,2021-02,10.147
W_PUD_017,2021-03,10.723
W_PUD_017,2021-04,11.146
W_PUD_017,2021-05,10.565
W_PUD_017,2021-06,10.058
W_PUD_017,2021-07,9.778
W_PUD_017,2021-08,9.12
W_PUD_017,2021-09,9.518
W_PUD_017,2021-10,9.372
W_PUD_017,2021-11,8.817
W_PUD_017,2021-12,9.343
W_PUD_017,2022-01,9.022
W_PUD_017,2022-02,10.345
W_PUD_017,2022-03,11.054
W_PUD_017,2022-04,10.928
W_PUD_017,2022-05,10.888
W_PUD_017,2022-06,11.124
W_PUD_017,2022-07,10.05
W_PUD_017,2022-08,9.876
W_PUD_017,2022-09,9.165
W_PUD_017,2022-10,9.573
W_PUD_017,2022-11,9.556
W_PUD_017,2022-12,9.374
W_PUD_018,2018-01,7.349
W_PUD_018,2018-02,7.66
W_PUD_018,2018-03,8.216
W_PUD_018,2018-04,
W_PUD_018,2018-05,8.159
W_PUD_018,2018-06,8.092
W_PUD_018,2018-07,7.495
W_PUD_018,2018-08,7.531
W_PUD_018,2018-09,6.503
W_PUD_018,2018-10,6.342
W_PUD_018,2018-11,6.806
W_PUD_018,2018-12,6.991
W_PUD_018,2019-01,7.223
W_PUD_018,2019-02,8.158
W_PUD_018,2019-03,8.659
W_PUD_018,2019-04,8.626
W_PUD_018,2019-05,8.913
W_PUD_018,2019-06,8.285
W_PUD_018,2019-07,7.553
W_PUD_018,2019-08,7.463
W_PUD_018,2019-09,7.313
W_PUD_018,2019-10,6.64
W_PUD_018,2019-11,6.562
W_PUD_018,2019-12,6.909
W_PUD_018,2020-01,7.544
W_PUD_018,2020-02,8.397
W_PUD_018,2020-03,9.223
W_PUD_018,2020-04,8.943
W_PUD_018,2020-05,8.557
W_PUD_018,2020-06,8.254
W_PUD_018,2020-07,8.134
W_PUD_018,2020-08,7.704
W_PUD_018,2020-09,7.598
W_PUD_018,2020-10,7.67
W_PUD_018,2020-11,6.955
W_PUD_018,2020-12,7.192
W_PUD_018,2021-01,8.047
W_PUD_018,2021-02,8.72
W_PUD_018,2021-03,9.354
W_PUD_018,2021-04,9.47
W_PUD_018,2021-05,8.83
W_PUD_018,2021-06,8.602
W_PUD_018,2021-07,8.323
W_PUD_018,2021-08,8.107
W_PUD_018,2021-09,7.761
W_PUD_018,2021-10,7.671
W_PUD_018,2021-11,7.636
W_PUD_018,2021-12,7.642
W_PUD_018,2022-01,7.903
W_PUD_018,2022-02,9.181
W_PUD_018,2022-03,9.524
W_PUD_018,2022-04,9.452
W_PUD_018,2022-05,9.76
W_PUD_018,2022-06,8.836
W_PUD_018,2022-07,8.556
W_PUD_018,2022-08,8.293
W_PUD_018,2022-09,7.788
W_PUD_018,2022-10,7.935
W_PUD_018,2022-11,7.825
W_PUD_018,2022-12,7.962
W_PUD_019,2018-01,7.787
W_PUD_019,2018-02,7.994
W_PUD_019,2018-03,8.746
W_PUD_019,2018-04,8.813
W_PUD_019,2018-05,8.407
W_PUD_019,2018-06,8.111
W_PUD_019,2018-07,7.952
W_PUD_019,2018-08,7.226
W_PUD_019,2018-09,7.47
W_PUD_019,2018-10,7.474
W_PUD_019,2018-11,6.424
W_PUD_019,2018-12,7.337
W_PUD_019,2019-01,7.766
W_PUD_019,2019-02,8.22
W_PUD_019,2019-03,9.161
W_PUD_019,2019-04,8.743
W_PUD_019,2019-05,8.769
W_PUD_019,2019-06,9.118
W_PUD_019,2019-07,8.1
W_PUD_019,2019-08,7.959
W_PUD_019,2019-09,7.427
W_PUD_019,2019-10,7.564
W_PUD_019,2019-11,7.316
W_PUD_019,2019-12,7.259
W_PUD_019,2020-01,8.296
W_PUD_019,2020-02,9.411
W_PUD_019,2020-03,9.124
W_PUD_019,2020-04,9.472
W_PUD_019,2020-05,9.551
W_PUD_019,2020-06,9.191
W_PUD_019,2020-07,8.398
W_PUD_019,2020-08,8.184
W_PUD_019,2020-09,7.411
W_PUD_019,2020-10,8.209
W_PUD_019,2020-11,7.166
W_PUD_019,2020-12,7.751
W_PUD_019,2021-01,8.76
W_PUD_019,2021-02,9.4
W_PUD_019,2021-03,
W_PUD_019,2021-04,9.495
W_PUD_019,2021-05,9.364
W_PUD_019,2021-06,9.197
W_PUD_019,2021-07,8.715
W_PUD_019,2021-08,8.925
W_PUD_019,2021-09,8.098
W_PUD_019,2021-10,8.246
W_PUD_019,2021-11,8.232
W_PUD_019,2021-12,7.773
W_PUD_019,2022-01,8.385
W_PUD_019,2022-02,8.987
W_PUD_019,2022-03,9.685
W_PUD_019,2022-04,9.901
W_PUD_019,2022-05,10.289
W_PUD_019,2022-06,9.546
W_PUD_019,2022-07,8.871
W_PUD_019,2022-08,8.138
W_PUD_019,2022-09,8.38
W_PUD_019,2022-10,8.667
W_PUD_019,2022-11,8.251
W_PUD_019,2022-12,8.184
W_PUD_020,2018-01,8.038
W_PUD_020,2018-02,9.005
W_PUD_020,2018-03,9.538
W_PUD_020,2018-04,9.243
W_PUD_020,2018-05,9.288
W_PUD_020,2018-06,8.908
W_PUD_020,2018-07,8.401
W_PUD_020,2018-08,8.4
W_PUD_020,2018-09,8.161
W_PUD_020,2018-10,8.352
W_PUD_020,2018-11,7.747
W_PUD_020,2018-12,7.954
W_PUD_020,2019-01,8.405
W_PUD_020,2019-02,9.903
W_PUD_020,2019-03,9.63
W_PUD_020,2019-04,9.668
W_PUD_020,2019-05,9.704
W_PUD_020,2019-06,9.528
W_PUD_020,2019-07,8.829
W_PUD_020,2019-08,8.704
W_PUD_020,2019-09,8.318
W_PUD_020,2019-10,8.041
W_PUD_020,2019-11,7.532
W_PUD_020,2019-12,8.322
W_PUD_020,2020-01,8.522
W_PUD_020,2020-02,10.002
W_PUD_020,2020-03,9.859
W_PUD_020,2020-04,10.07
W_PUD_020,2020-05,10.102
W_PUD_020,2020-06,9.752
W_PUD_020,2020-07,8.952
W_PUD_020,2020-08,8.411
W_PUD_020,2020-09,8.384
W_PUD_020,2020-10,8.487
W_PUD_020,2020-11,7.965
W_PUD_020,2020-12,8.328
W_PUD_020,2021-01,8.624
W_PUD_020,2021-02,9.643
W_PUD_020,2021-03,10.167
W_PUD_020,2021-04,10.16
W_PUD_020,2021-05,10.261
W_PUD_020,2021-06,10.239
W_PUD_020,2021-07,9.442
W_PUD_020,2021-08,8.816
W_PUD_020,2021-09,9.499
W_PUD_020,2021-10,8.74
W_PUD_020,2021-11,8.524
W_PUD_020,2021-12,8.814
W_PUD_020,2022-01,8.985
W_PUD_020,2022-02,10.296
W_PUD_020,2022-03,10.914
W_PUD_020,2022-04,10.541
W_PUD_020,2022-05,10.524
W_PUD_020,2022-06,10.337
W_PUD_020,2022-07,9.063
W_PUD_020,2022-08,9.197
W_PUD_020,2022-09,9.209
W_PUD_020,2022-10,9.109
W_PUD_020,2022-11,8.489
W_PUD_020,2022-12,
W_PUD_021,2018-01,6.765
W_PUD_021,2018-02,6.711
W_PUD_021,2018-03,7.373
W_PUD_021,2018-04,7.228
W_PUD_021,2018-05,7.341
W_PUD_021,2018-06,7.193
W_PUD_021,2018-07,6.356
W_PUD_021,2018-08,6.351
W_PUD_021,2018-09,5.53
W_PUD_021,2018-10,5.917
W_PUD_021,2018-11,5.709
W_PUD_021,2018-12,5.932
W_PUD_021,2019-01,6.288
W_PUD_021,2019-02,6.774
W_PUD_021,2019-03,7.734
W_PUD_021,2019-04,8.403
W_PUD_021,2019-05,7.805
W_PUD_021,2019-06,7.413
W_PUD_021,2019-07,7.024
W_PUD_021,2019-08,
W_PUD_021,2019-09,6.405
W_PUD_021,2019-10,6.254
W_PUD_021,2019-11,5.456
W_PUD_021,2019-12,6.26
W_PUD_021,2020-01,6.642
W_PUD_021,2020-02,7.746
W_PUD_021,2020-03,7.845
W_PUD_021,2020-04,7.83
W_PUD_021,2020-05,7.882
W_PUD_021,2020-06,7.304
W_PUD_021,2020-07,6.987
W_PUD_021,2020-08,6.872
W_PUD_021,2020-09,5.776
W_PUD_021,2020-10,6.523
W_PUD_021,2020-11,5.899
W_PUD_021,2020-12,6.453
W_PUD_021,2021-01,7.426
W_PUD_021,2021-02,7.98
W_PUD_021,2021-03,8.292
W_PUD_021,2021-04,8.5
W_PUD_021,2021-05,7.821
W_PUD_021,2021-06,8.14
W_PUD_021,2021-07,7.373
W_PUD_021,2021-08,6.709
W_PUD_021,2021-09,7.357
W_PUD_021,2021-10,6.833
W_PUD_021,2021-11,6.197
W_PUD_021,2021-12,6.651
W_PUD_021,2022-01,7.126
W_PUD_021,2022-02,8.365
W_PUD_021,2022-03,8.407
W_PUD_021,2022-04,8.771
W_PUD_021,2022-05,8.289
W_PUD_021,2022-06,8.259
W_PUD_021,2022-07,7.536
W_PUD_021,2022-08,6.811
W_PUD_021,2022-09,7.267
W_PUD_021,2022-10,6.88
W_PUD_021,2022-11,6.431
W_PUD_021,2022-12,7.091
W_PUD_022,2018-01,8.1
W_PUD_022,2018-02,8.73
W_PUD_022,2018-03,8.421
W_PUD_022,2018-04,9.0
W_PUD_022,2018-05,9.083
W_PUD_022,2018-06,7.947
W_PUD_022,2018-07,7.985
W_PUD_022,2018-08,7.486
W_PUD_022,2018-09,7.082
W_PUD_022,2018-10,7.389
W_PUD_022,2018-11,7.175
W_PUD_022,2018-12,7.801
W_PUD_022,2019-01,7.374
W_PUD_022,2019-02,8.208
W_PUD_022,2019-03,9.598
W_PUD_022,2019-04,9.078
W_PUD_022,2019-05,9.175
W_PUD_022,2019-06,9.183
W_PUD_022,2019-07,8.52
W_PUD_022,2019-08,7.755
W_PUD_022,2019-09,7.787
W_PUD_022,2019-10,7.773
W_PUD_022,2019-11,7.425
W_PUD_022,2019-12,7.94
W_PUD_022,2020-01,7.933
W_PUD_022,2020-02,
W_PUD_022,2020-03,8.943
W_PUD_022,2020-04,9.31
W_PUD_022,2020-05,9.538
W_PUD_022,2020-06,9.512
W_PUD_022,2020-07,8.927
W_PUD_022,2020-08,7.947
W_PUD_022,2020-09,8.255
W_PUD_022,2020-10,8.123
W_PUD_022,2020-11,7.921
W_PUD_022,2020-12,7.867
W_PUD_022,2021-01,8.735
W_PUD_022,2021-02,8.669
W_PUD_022,2021-03,9.64
W_PUD_022,2021-04,9.853
W_PUD_022,2021-05,9.583
W_PUD_022,2021-06,9.058
W_PUD_022,2021-07,8.982
W_PUD_022,2021-08,8.475
W_PUD_022,2021-09,8.673
W_PUD_022,2021-10,8.034
W_PUD_022,2021-11,8.292
W_PUD_022,2021-12,7.884
W_PUD_022,2022-01,8.355
W_PUD_022,2022-02,10.05
W_PUD_022,2022-03,9.852
W_PUD_022,2022-04,10.0
W_PUD_022,2022-05,9.892
W_PUD_022,2022-06,10.448
W_PUD_022,2022-07,9.127
W_PUD_022,2022-08,8.898
W_PUD_022,2022-09,9.047
W_PUD_022,2022-10,8.128
W_PUD_022,2022-11,8.098
W_PUD_022,2022-12,8.538
W_PUD_023,2018-01,9.521
W_PUD_023,2018-02,9.838
W_PUD_023,2018-03,10.011
W_PUD_023,2018-04,9.61
W_PUD_023,2018-05,10.088
W_PUD_023,2018-06,9.583
W_PUD_023,2018-07,9.048
W_PUD_023,2018-08,9.138
W_PUD_023,2018-09,9.151
W_PUD_023,2018-10,8.567
W_PUD_023,2018-11,7.826
W_PUD_023,2018-12,8.745
W_PUD_023,2019-01,9.108
W_PUD_023,2019-02,9.872
W_PUD_023,2019-03,10.028
W_PUD_023,2019-04,10.222
W_PUD_023,2019-05,10.282
W_PUD_023,2019-06,10.465
W_PUD_023,2019-07,9.515
W_PUD_023,2019-08,9.114
W_PUD_023,2019-09,8.695
W_PUD_023,2019-10,9.14
W_PUD_023,2019-11,8.498
W_PUD_023,2019-12,8.621
W_PUD_023,2020-01,9.598
W_PUD_023,2020-02,10.236
W_PUD_023,2020-03,10.637
W_PUD_023,2020-04,10.913
W_PUD_023,2020-05,10.78
W_PUD_023,2020-06,10.278
W_PUD_023,2020-07,10.019
W_PUD_023,2020-08,9.694
W_PUD_023,2020-09,9.573
W_PUD_023,2020-10,8.946
W_PUD_023,2020-11,
W_PUD_023,2020-12,9.371
W_PUD_023,2021-01,10.283
W_PUD_023,2021-02,10.636
W_PUD_023,2021-03,10.836
W_PUD_023,2021-04,10.632
W_PUD_023,2021-05,11.056
W_PUD_023,2021-06,10.856
W_PUD_023,2021-07,10.4
W_PUD_023,2021-08,9.84
W_PUD_023,2021-09,9.972
W_PUD_023,2021-10,9.728
W_PUD_023,2021-11,9.646
W_PUD_023,2021-12,9.883
W_PUD_023,2022-01,9.864
W_PUD_023,2022-02,11.006
W_PUD_023,2022-03,10.479
W_PUD_023,2022-04,11.33
W_PUD_023,2022-05,11.022
W_PUD_023,2022-06,10.753
W_PUD_023,2022-07,10.234
W_PUD_023,2022-08,10.283
W_PUD_023,2022-09,9.843
W_PUD_023,2022-10,9.366
W_PUD_023,2022-11,9.408
W_PUD_023,2022-12,9.582
W_PUD_024,2018-01,7.911
W_PUD_024,2018-02,8.077
W_PUD_024,2018-03,8.174
W_PUD_024,2018-04,8.466
W_PUD_024,2018-05,8.62
W_PUD_024,2018-06,8.423
W_PUD_024,2018-07,8.241
W_PUD_024,2018-08,7.216
W_PUD_024,2018-09,6.78
W_PUD_024,2018-10,7.819
W_PUD_024,2018-11,6.638
W_PUD_024,2018-12,7.463
W_PUD_024,2019-01,7.418
W_PUD_024,2019-02,8.448
W_PUD_024,2019-03,8.778
W_PUD_024,2019-04,8.992
W_PUD_024,2019-05,9.011
W_PUD_024,2019-06,8.656
W_PUD_024,2019-07,8.07
W_PUD_024,2019-08,7.541
W_PUD_024,2019-09,7.671
W_PUD_024,2019-10,8.092
W_PUD_024,2019-11,7.08
W_PUD_024,2019-12,7.261
W_PUD_024,2020-01,8.233
W_PUD_024,2020-02,8.998
W_PUD_024,2020-03,8.789
W_PUD_024,2020-04,9.311
W_PUD_024,2020-05,9.408
W_PUD_024,2020-06,8.718
W_PUD_024,2020-07,8.393
W_PUD_024,2020-08,8.071
W_PUD_024,2020-09,7.739
W_PUD_024,2020-10,7.829
W_PUD_024,2020-11,7.691
W_PUD_024,2020-12,7.478
W_PUD_024,2021-01,8.104
W_PUD_024,2021-02,8.99
W_PUD_024,2021-03,9.66
W_PUD_024,2021-04,9.557
W_PUD_024,2021-05,9.824
W_PUD_024,2021-06,9.405
W_PUD_024,2021-07,8.7
W_PUD_024,2021-08,8.504
W_PUD_024,2021-09,7.689
W_PUD_024,2021-10,7.959
W_PUD_024,2021-11,8.324
W_PUD_024,2021-12,8.51
W_PUD_024,2022-01,8.021
W_PUD_024,2022-02,9.73
W_PUD_024,2022-03,9.547
W_PUD_024,2022-04,9.957
W_PUD_024,2022-05,9.594
W_PUD_024,2022-06,9.643
W_PUD_024,2022-07,
W_PUD_024,2022-08,8.949
W_PUD_024,2022-09,8.543
W_PUD_024,2022-10,8.309
W_PUD_024,2022-11,8.199
W_PUD_024,2022-12,8.203
W_PUD_025,2018-01,8.005
W_PUD_025,2018-02,8.287
W_PUD_025,2018-03,9.06
W_PUD_025,2018-04,8.75
W_PUD_025,2018-05,8.679
W_PUD_025,2018-06,8.676
W_PUD_025,2018-07,7.874
W_PUD_025,2018-08,7.522
W_PUD_025,2018-09,7.02
W_PUD_025,2018-10,6.663
W_PUD_025,2018-11,6.589
W_PUD_025,2018-12,7.529
W_PUD_025,2019-01,7.874
W_PUD_025,2019-02,8.705
W_PUD_025,2019-03,8.521
W_PUD_025,2019-04,9.607
W_PUD_025,2019-05,8.189
W_PUD_025,2019-06,9.178
W_PUD_025,2019-07,7.931
W_PUD_025,2019-08,8.217
W_PUD_025,2019-09,7.302
W_PUD_025,2019-10,7.482
W_PUD_025,2019-11,7.351
W_PUD_025,2019-12,7.622
W_PUD_025,2020-01,7.985
W_PUD_025,2020-02,8.64
W_PUD_025,2020-03,8.965
W_PUD_025,2020-04,9.25
W_PUD_025,2020-05,9.256
W_PUD_025,2020-06,
W_PUD_025,2020-07,8.526
W_PUD_025,2020-08,8.182
W_PUD_025,2020-09,7.444
W_PUD_025,2020-10,7.57
W_PUD_025,2020-11,7.203
W_PUD_025,2020-12,7.588
W_PUD_025,2021-01,7.886
W_PUD_025,2021-02,8.983
W_PUD_025,2021-03,9.117
W_PUD_025,2021-04,9.295
W_PUD_025,2021-05,9.695
W_PUD_025,2021-06,9.215
W_PUD_025,2021-07,8.616
W_PUD_025,2021-08,8.466
W_PUD_025,2021-09,8.239
W_PUD_025,2021-10,8.163
W_PUD_025,2021-11,7.019
W_PUD_025,2021-12,7.946
W_PUD_025,2022-01,8.7
W_PUD_025,2022-02,9.322
W_PUD_025,2022-03,9.712
W_PUD_025,2022-04,10.167
W_PUD_025,2022-05,9.909
W_PUD_025,2022-06,9.847
W_PUD_025,2022-07,8.694
W_PUD_025,2022-08,8.867
W_PUD_025,2022-09,8.486
W_PUD_025,2022-10,8.018
W_PUD_025,2022-11,8.222
W_PUD_025,2022-12,8.383
W_PUD_026,2018-01,6.338
W_PUD_026,2018-02,7.807
W_PUD_026,2018-03,7.216
W_PUD_026,2018-04,7.81
W_PUD_026,2018-05,7.504
W_PUD_026,2018-06,6.97
W_PUD_026,2018-07,6.538
W_PUD_026,2018-08,6.294
W_PUD_026,2018-09,5.779
W_PUD_026,2018-10,6.081
W_PUD_026,2018-11,5.332
W_PUD_026,2018-12,5.876
W_PUD_026,2019-01,6.312
W_PUD_026,2019-02,7.723
W_PUD_026,2019-03,7.423
W_PUD_026,2019-04,8.17
W_PUD_026,2019-05,8.001
W_PUD_026,2019-06,7.524
W_PUD_026,2019-07,6.588
W_PUD_026,2019-08,6.402
W_PUD_026,2019-09,6.46
W_PUD_026,2019-10,6.468
W_PUD_026,2019-11,5.806
W_PUD_026,2019-12,6.17
W_PUD_026,2020-01,6.154
W_PUD_026,2020-02,7.548
W_PUD_026,2020-03,8.254
W_PUD_026,2020-04,8.026
W_PUD_026,2020-05,
W_PUD_026,2020-06,7.943
W_PUD_026,2020-07,7.633
W_PUD_026,2020-08,7.137
W_PUD_026,2020-09,6.586
W_PUD_026,2020-10,6.229
W_PUD_026,2020-11,6.231
W_PUD_026,2020-12,6.399
W_PUD_026,2021-01,7.26
W_PUD_026,2021-02,7.649
W_PUD_026,2021-03,8.843
W_PUD_026,2021-04,7.938
W_PUD_026,2021-05,8.611
W_PUD_026,2021-06,8.2
W_PUD_026,2021-07,7.559
W_PUD_026,2021-08,6.906
W_PUD_026,2021-09,6.702
W_PUD_026,2021-10,6.733
W_PUD_026,2021-11,6.885
W_PUD_026,2021-12,7.119
W_PUD_026,2022-01,6.975
W_PUD_026,2022-02,8.348
W_PUD_026,2022-03,8.764
W_PUD_026,2022-04,8.649
W_PUD_026,2022-05,8.374
W_PUD_026,2022-06,8.167
W_PUD_026,2022-07,7.761
W_PUD_026,2022-08,6.927
W_PUD_026,2022-09,7.182
W_PUD_026,2022-10,6.856
W_PUD_026,2022-11,7.227
W_PUD_026,2022-12,7.386
W_PUD_027,2018-01,7.884
W_PUD_027,2018-02,8.585
W_PUD_027,2018-03,9.019
W_PUD_027,2018-04,9.592
W_PUD_027,2018-05,9.035
W_PUD_027,2018-06,9.045
W_PUD_027,2018-07,8.102
W_PUD_027,2018-08,7.793
W_PUD_027,2018-09,7.36
W_PUD_027,2018-10,7.585
W_PUD_027,2018-11,6.914
W_PUD_027,2018-12,7.381
W_PUD_027,2019-01,8.103
W_PUD_027,2019-02,9.124
W_PUD_027,2019-03,9.129
W_PUD_027,2019-04,9.06
W_PUD_027,2019-05,9.077
W_PUD_027,2019-06,8.976
W_PUD_027,2019-07,7.991
W_PUD_027,2019-08,7.545
W_PUD_027,2019-09,8.064
W_PUD_027,2019-10,7.729
W_PUD_027,2019-11,7.223
W_PUD_027,2019-12,7.844
W_PUD_027,2020-01,7.83
W_PUD_027,2020-02,9.298
W_PUD_027,2020-03,9.279
W_PUD_027,2020-04,9.262
W_PUD_027,2020-05,9.628
W_PUD_027,2020-06,9.238
W_PUD_027,2020-07,8.853
W_PUD_027,2020-08,8.163
W_PUD_027,2020-09,8.051
W_PUD_027,2020-10,7.997
W_PUD_027,2020-11,7.862
W_PUD_027,2020-12,7.855
W_PUD_027,2021-01,8.459
W_PUD_027,2021-02,9.664
W_PUD_027,2021-03,9.984
W_PUD_027,2021-04,9.741
W_PUD_027,2021-05,9.895
W_PUD_027,2021-06,9.429
W_PUD_027,2021-07,9.413
W_PUD_027,2021-08,8.469
W_PUD_027,2021-09,8.256
W_PUD_027,2021-10,8.101
W_PUD_027,2021-11,8.068
W_PUD_027,2021-12,8.665
W_PUD_027,2022-01,8.698
W_PUD_027,2022-02,9.871
W_PUD_027,2022-03,9.66
W_PUD_027,2022-04,10.234
W_PUD_027,2022-05,10.157
W_PUD_027,2022-06,10.622
W_PUD_027,2022-07,9.379
W_PUD_027,2022-08,
W_PUD_027,2022-09,8.586
W_PUD_027,2022-10,8.639
W_PUD_027,2022-11,8.354
W_PUD_027,2022-12,8.556
W_PUD_028,2018-01,7.463
W_PUD_028,2018-02,7.793
W_PUD_028,2018-03,7.874
W_PUD_028,2018-04,8.302
W_PUD_028,2018-05,7.995
W_PUD_028,2018-06,7.907
W_PUD_028,2018-07,6.922
W_PUD_028,2018-08,6.873
W_PUD_028,2018-09,6.129
W_PUD_028,2018-10,6.774
W_PUD_028,2018-11,6.993
W_PUD_028,2018-12,6.564
W_PUD_028,2019-01,6.72
W_PUD_028,2019-02,8.233
W_PUD_028,2019-03,8.353
W_PUD_028,2019-04,8.642
W_PUD_028,2019-05,8.042
W_PUD_028,2019-06,8.379
W_PUD_028,2019-07,7.86
W_PUD_028,2019-08,6.986
W_PUD_028,2019-09,7.131
W_PUD_028,2019-10,6.587
W_PUD_028,2019-11,7.027
W_PUD_028,2019-12,6.64
W_PUD_028,2020-01,7.069
W_PUD_028,2020-02,8.288
W_PUD_028,2020-03,8.79
W_PUD_028,2020-04,8.655
W_PUD_028,2020-05,8.927
W_PUD_028,2020-06,8.713
W_PUD_028,2020-07,7.486
W_PUD_028,2020-08,7.794
W_PUD_028,2020-09,7.142
W_PUD_028,2020-10,7.743
W_PUD_028,2020-11,7.159
W_PUD_028,2020-12,6.961
W_PUD_028,2021-01,7.386
W_PUD_028,2021-02,
W_PUD_028,2021-03,9.136
W_PUD_028,2021-04,8.95
W_PUD_028,2021-05,8.777
W_PUD_028,2021-06,8.919
W_PUD_028,2021-07,8.224
W_PUD_028,2021-08,7.756
W_PUD_028,2021-09,7.556
W_PUD_028,2021-10,7.55
W_PUD_028,2021-11,7.206
W_PUD_028,2021-12,7.413
W_PUD_028,2022-01,7.871
W_PUD_028,2022-02,9.264
W_PUD_028,2022-03,9.523
W_PUD_028,2022-04,9.785
W_PUD_028,2022-05,9.6
W_PUD_028,2022-06,9.094
W_PUD_028,2022-07,8.339
W_PUD_028,2022-08,8.61
W_PUD_028,2022-09,8.371
W_PUD_028,2022-10,8.267
W_PUD_028,2022-11,7.846
W_PUD_028,2022-12,8.202
W_PUD_029,2018-01,6.923
W_PUD_029,2018-02,7.116
W_PUD_029,2018-03,7.225
W_PUD_029,2018-04,7.603
W_PUD_029,2018-05,7.442
W_PUD_029,2018-06,6.783
W_PUD_029,2018-07,6.523
W_PUD_029,2018-08,7.01
W_PUD_029,2018-09,5.915
W_PUD_029,2018-10,6.617
W_PUD_029,2018-11,5.657
W_PUD_029,2018-12,6.02
W_PUD_029,2019-01,6.22
W_PUD_029,2019-02,7.225
W_PUD_029,2019-03,7.8
W_PUD_029,2019-04,7.814
W_PUD_029,2019-05,7.579
W_PUD_029,2019-06,7.849
W_PUD_029,2019-07,7.34
W_PUD_029,2019-08,6.516
W_PUD_029,2019-09,6.463
W_PUD_029,2019-10,6.841
W_PUD_029,2019-11,6.256
W_PUD_029,2019-12,6.208
W_PUD_029,2020-01,6.697
W_PUD_029,2020-02,7.592
W_PUD_029,2020-03,8.254
W_PUD_029,2020-04,8.62
W_PUD_029,2020-05,7.763
W_PUD_029,2020-06,8.419
W_PUD_029,2020-07,7.124
W_PUD_029,2020-08,6.742
W_PUD_029,2020-09,6.266
W_PUD_029,2020-10,6.576
W_PUD_029,2020-11,6.162
W_PUD_029,2020-12,6.78
W_PUD_029,2021-01,6.888
W_PUD_029,2021-02,8.017
W_PUD_029,2021-03,7.98
W_PUD_029,2021-04,8.648
W_PUD_029,2021-05,8.317
W_PUD_029,2021-06,8.129
W_PUD_029,2021-07,7.572
W_PUD_029,2021-08,
W_PUD_029,2021-09,6.787
W_PUD_029,2021-10,7.186
W_PUD_029,2021-11,6.204
W_PUD_029,2021-12,7.127
W_PUD_029,2022-01,7.566
W_PUD_029,2022-02,8.29
W_PUD_029,2022-03,8.578
W_PUD_029,2022-04,8.402
W_PUD_029,2022-05,8.918
W_PUD_029,2022-06,8.3
W_PUD_029,2022-07,8.25
W_PUD_029,2022-08,7.523
W_PUD_029,2022-09,7.118
W_PUD_029,2022-10,7.492
W_PUD_029,2022-11,6.602
W_PUD_029,2022-12,6.935
W_PUD_030,2018-01,6.828
W_PUD_030,2018-02,7.114
W_PUD_030,2018-03,7.909
W_PUD_030,2018-04,7.853
W_PUD_030,2018-05,7.502
W_PUD_030,2018-06,7.536
W_PUD_030,2018-07,7.297
W_PUD_030,2018-08,5.927
W_PUD_030,2018-09,6.036
W_PUD_030,2018-10,5.512
W_PUD_030,2018-11,5.912
W_PUD_030,2018-12,5.985
W_PUD_030,2019-01,6.426
W_PUD_030,2019-02,7.436
W_PUD_030,2019-03,8.363
W_PUD_030,2019-04,7.764
W_PUD_030,2019-05,7.645
W_PUD_030,2019-06,
W_PUD_030,2019-07,7.012
W_PUD_030,2019-08,6.8
W_PUD_030,2019-09,6.69
W_PUD_030,2019-10,5.879
W_PUD_030,2019-11,5.45
W_PUD_030,2019-12,6.81
W_PUD_030,2020-01,6.51
W_PUD_030,2020-02,8.225
W_PUD_030,2020-03,8.238
W_PUD_030,2020-04,8.217
W_PUD_030,2020-05,8.128
W_PUD_030,2020-06,7.696
W_PUD_030,2020-07,7.515
W_PUD_030,2020-08,7.049
W_PUD_030,2020-09,7.134
W_PUD_030,2020-10,6.841
W_PUD_030,2020-11,6.037
W_PUD_030,2020-12,6.302
W_PUD_030,2021-01,6.844
W_PUD_030,2021-02,8.278
W_PUD_030,2021-03,8.402
W_PUD_030,2021-04,8.029
W_PUD_030,2021-05,8.389
W_PUD_030,2021-06,8.154
W_PUD_030,2021-07,7.491
W_PUD_030,2021-08,7.674
W_PUD_030,2021-09,6.916
W_PUD_030,2021-10,7.317
W_PUD_030,2021-11,6.842
W_PUD_030,2021-12,7.098
W_PUD_030,2022-01,7.501
W_PUD_030,2022-02,8.266
W_PUD_030,2022-03,8.981
W_PUD_030,2022-04,8.773
W_PUD_030,2022-05,8.564
W_PUD_030,2022-06,7.927
W_PUD_030,2022-07,8.08
W_PUD_030,2022-08,7.236
W_PUD_030,2022-09,7.217
W_PUD_030,2022-10,7.575
W_PUD_030,2022-11,6.807
W_PUD_030,2022-12,7.158
W_PUD_031,2018-01,7.358
W_PUD_031,2018-02,8.248
W_PUD_031,2018-03,8.357
W_PUD_031,2018-04,7.803
W_PUD_031,2018-05,7.728
W_PUD_031,2018-06,8.051
W_PUD_031,2018-07,7.002
W_PUD_031,2018-08,7.058
W_PUD_031,2018-09,6.59
W_PUD_031,2018-10,6.757
W_PUD_031,2018-11,6.56
W_PUD_031,2018-12,6.988
W_PUD_031,2019-01,7.148
W_PUD_031,2019-02,7.866
W_PUD_031,2019-03,7.954
W_PUD_031,2019-04,8.339
W_PUD_031,2019-05,8.894
W_PUD_031,2019-06,8.139
W_PUD_031,2019-07,7.433
W_PUD_031,2019-08,7.35
W_PUD_031,2019-09,7.247
W_PUD_031,2019-10,7.13
W_PUD_031,2019-11,6.697
W_PUD_031,2019-12,6.493
W_PUD_031,2020-01,7.431
W_PUD_031,2020-02,8.648
W_PUD_031,2020-03,9.162
W_PUD_031,2020-04,8.541
W_PUD_031,2020-05,8.356
W_PUD_031,2020-06,8.257
W_PUD_031,2020-07,8.415
W_PUD_031,2020-08,7.69
W_PUD_031,2020-09,7.186
W_PUD_031,2020-10,7.367
W_PUD_031,2020-11,6.801
W_PUD_031,2020-12,6.95
W_PUD_031,2021-01,7.52
W_PUD_031,2021-02,8.956
W_PUD_031,2021-03,9.044
W_PUD_031,2021-04,9.113
W_PUD_031,2021-05,9.328
W_PUD_031,2021-06,8.904
W_PUD_031,2021-07,7.952
W_PUD_031,2021-08,7.891
W_PUD_031,2021-09,7.663
W_PUD_031,2021-10,8.093
W_PUD_031,2021-11,7.901
W_PUD_031,2021-12,7.669
W_PUD_031,2022-01,
W_PUD_031,2022-02,8.667
W_PUD_031,2022-03,9.305
W_PUD_031,2022-04,9.665
W_PUD_031,2022-05,9.474
W_PUD_031,2022-06,9.261
W_PUD_031,2022-07,8.033
W_PUD_031,2022-08,8.08
W_PUD_031,2022-09,7.802
W_PUD_031,2022-10,8.019
W_PUD_031,2022-11,7.437
W_PUD_031,2022-12,8.049
W_PUD_032,2018-01,6.8
W_PUD_032,2018-02,7.292
W_PUD_032,2018-03,7.453
W_PUD_032,2018-04,7.43
W_PUD_032,2018-05,7.679
W_PUD_032,2018-06,6.904
W_PUD_032,2018-07,6.922
W_PUD_032,2018-08,6.58
W_PUD_032,2018-09,6.211
W_PUD_032,2018-10,5.812
W_PUD_032,2018-11,6.13
W_PUD_032,2018-12,5.684
W_PUD_032,2019-01,6.404
W_PUD_032,2019-02,7.138
W_PUD_032,2019-03,8.043
W_PUD_032,2019-04,8.138
W_PUD_032,2019-05,7.538
W_PUD_032,2019-06,7.896
W_PUD_032,2019-07,7.142
W_PUD_032,2019-08,6.803
W_PUD_032,2019-09,6.141
W_PUD_032,2019-10,6.665
W_PUD_032,2019-11,6.168
W_PUD_032,2019-12,5.997
W_PUD_032,2020-01,7.376
W_PUD_032,2020-02,7.66
W_PUD_032,2020-03,8.115
W_PUD_032,2020-04,8.045
W_PUD_032,2020-05,8.376
W_PUD_032,2020-06,8.03
W_PUD_032,2020-07,7.019
W_PUD_032,2020-08,6.752
W_PUD_032,2020-09,6.625
W_PUD_032,2020-10,6.888
W_PUD_032,2020-11,6.449
W_PUD_032,2020-12,6.147
W_PUD_032,2021-01,7.249
W_PUD_032,2021-02,8.22
W_PUD_032,2021-03,8.235
W_PUD_032,2021-04,8.455
W_PUD_032,2021-05,9.011
W_PUD_032,2021-06,7.739
W_PUD_032,2021-07,7.738
W_PUD_032,2021-08,7.409
W_PUD_032,2021-09,7.245
W_PUD_032,2021-10,6.913
W_PUD_032,2021-11,6.716
W_PUD_032,2021-12,7.061
W_PUD_032,2022-01,7.027
W_PUD_032,2022-02,8.102
W_PUD_032,2022-03,8.735
W_PUD_032,2022-04,8.786
W_PUD_032,2022-05,8.501
W_PUD_032,2022-06,8.456
W_PUD_032,2022-07,7.944
W_PUD_032,2022-08,7.018
W_PUD_032,2022-09,
W_PUD_032,2022-10,7.232
W_PUD_032,2022-11,7.519
W_PUD_032,2022-12,7.292
W_PUD_033,2018-01,7.8
W_PUD_033,2018-02,8.23
W_PUD_033,2018-03,8.406
W_PUD_033,2018-04,8.377
W_PUD_033,2018-05,8.67
W_PUD_033,2018-06,8.181
W_PUD_033,2018-07,7.804
W_PUD_033,2018-08,7.377
W_PUD_033,2018-09,6.982
W_PUD_033,2018-10,7.035
W_PUD_033,2018-11,6.588
W_PUD_033,2018-12,6.753
W_PUD_033,2019-01,7.217
W_PUD_033,2019-02,8.463
W_PUD_033,2019-03,8.908
W_PUD_033,2019-04,8.602
W_PUD_033,2019-05,8.85
W_PUD_033,2019-06,8.867
W_PUD_033,2019-07,7.702
W_PUD_033,2019-08,7.524
W_PUD_033,2019-09,7.532
W_PUD_033,2019-10,
W_PUD_033,2019-11,6.975
W_PUD_033,2019-12,7.115
W_PUD_033,2020-01,7.644
W_PUD_033,2020-02,8.689
W_PUD_033,2020-03,9.453
W_PUD_033,2020-04,9.371
W_PUD_033,2020-05,9.009
W_PUD_033,2020-06,8.959
W_PUD_033,2020-07,7.896
W_PUD_033,2020-08,8.185
W_PUD_033,2020-09,7.912
W_PUD_033,2020-10,7.625
W_PUD_033,2020-11,7.025
W_PUD_033,2020-12,7.234
W_PUD_033,2021-01,7.861
W_PUD_033,2021-02,9.043
W_PUD_033,2021-03,8.683
W_PUD_033,2021-04,10.039
W_PUD_033,2021-05,9.59
W_PUD_033,2021-06,9.722
W_PUD_033,2021-07,8.494
W_PUD_033,2021-08,8.46
W_PUD_033,2021-09,8.016
W_PUD_033,2021-10,7.995
W_PUD_033,2021-11,7.685
W_PUD_033,2021-12,7.689
W_PUD_033,2022-01,8.536
W_PUD_033,2022-02,9.457
W_PUD_033,2022-03,9.86
W_PUD_033,2022-04,9.819
W_PUD_033,2022-05,9.706
W_PUD_033,2022-06,9.314
W_PUD_033,2022-07,9.2
W_PUD_033,2022-08,8.374
W_PUD_033,2022-09,8.038
W_PUD_033,2022-10,8.494
W_PUD_033,2022-11,7.942
W_PUD_033,2022-12,8.083
W_PUD_034,2018-01,7.549
W_PUD_034,2018-02,7.511
W_PUD_034,2018-03,8.106
W_PUD_034,2018-04,8.289
W_PUD_034,2018-05,8.478
W_PUD_034,2018-06,7.381
W_PUD_034,2018-07,7.352
W_PUD_034,2018-08,7.25
W_PUD_034,2018-09,6.288
W_PUD_034,2018-10,6.767
W_PUD_034,2018-11,6.312
W_PUD_034,2018-12,6.381
W_PUD_034,2019-01,7.07
W_PUD_034,2019-02,8.105
W_PUD_034,2019-03,8.432
W_PUD_034,2019-04,8.633
W_PUD_034,2019-05,8.458
W_PUD_034,2019-06,7.796
W_PUD_034,2019-07,7.463
W_PUD_034,2019-08,7.373
W_PUD_034,2019-09,7.029
W_PUD_034,2019-10,7.067
W_PUD_034,2019-11,6.541
W_PUD_034,2019-12,6.828
W_PUD_034,2020-01,7.522
W_PUD_034,2020-02,8.679
W_PUD_034,2020-03,8.497
W_PUD_034,2020-04,8.904
W_PUD_034,2020-05,8.803
W_PUD_034,2020-06,8.61
W_PUD_034,2020-07,7.817
W_PUD_034,2020-08,7.817
W_PUD_034,2020-09,7.263
W_PUD_034,2020-10,7.221
W_PUD_034,2020-11,6.766
W_PUD_034,2020-12,7.379
W_PUD_034,2021-01,8.017
W_PUD_034,2021-02,9.257
W_PUD_034,2021-03,9.293
W_PUD_034,2021-04,9.292
W_PUD_034,2021-05,8.937
W_PUD_034,2021-06,8.62
W_PUD_034,2021-07,8.426
W_PUD_034,2021-08,7.743
W_PUD_034,2021-09,7.648
W_PUD_034,2021-10,7.545
W_PUD_034,2021-11,7.022
W_PUD_034,2021-12,7.606
W_PUD_034,2022-01,7.971
W_PUD_034,2022-02,8.971
W_PUD_034,2022-03,9.223
W_PUD_034,2022-04,9.762
W_PUD_034,2022-05,
W_PUD_034,2022-06,8.635
W_PUD_034,2022-07,8.231
W_PUD_034,2022-08,7.553
W_PUD_034,2022-09,8.232
W_PUD_034,2022-10,8.201
W_PUD_034,2022-11,7.591
W_PUD_034,2022-12,7.931
W_PUD_035,2018-01,7.234
W_PUD_035,2018-02,8.198
W_PUD_035,2018-03,8.635
W_PUD_035,2018-04,8.544
W_PUD_035,2018-05,8.623
W_PUD_035,2018-06,8.264
W_PUD_035,2018-07,7.98
W_PUD_035,2018-08,6.988
W_PUD_035,2018-09,6.411
W_PUD_035,2018-10,7.147
W_PUD_035,2018-11,6.922
W_PUD_035,2018-12,6.736
W_PUD_035,2019-01,7.579
W_PUD_035,2019-02,8.558
W_PUD_035,2019-03,8.276
W_PUD_035,2019-04,8.652
W_PUD_035,2019-05,8.584
W_PUD_035,2019-06,8.543
W_PUD_035,2019-07,7.936
W_PUD_035,2019-08,7.959
W_PUD_035,2019-09,7.192
W_PUD_035,2019-10,7.557
W_PUD_035,2019-11,7.148
W_PUD_035,2019-12,7.193
W_PUD_035,2020-01,8.066
W_PUD_035,2020-02,8.694
W_PUD_035,2020-03,8.773
W_PUD_035,2020-04,9.366
W_PUD_035,2020-05,8.661
W_PUD_035,2020-06,8.786
W_PUD_035,2020-07,7.973
W_PUD_035,2020-08,7.944
W_PUD_035,2020-09,7.575
W_PUD_035,2020-10,7.452
W_PUD_035,2020-11,6.965
W_PUD_035,2020-12,7.745
W_PUD_035,2021-01,7.568
W_PUD_035,2021-02,9.408
W_PUD_035,2021-03,9.093
W_PUD_035,2021-04,9.37
W_PUD_035,2021-05,9.655
W_PUD_035,2021-06,9.326
W_PUD_035,2021-07,8.317
W_PUD_035,2021-08,8.127
W_PUD_035,2021-09,8.082
W_PUD_035,2021-10,8.029
W_PUD_035,2021-11,7.424
W_PUD_035,2021-12,7.906
W_PUD_035,2022-01,7.907
W_PUD_035,2022-02,9.044
W_PUD_035,2022-03,9.738
W_PUD_035,2022-04,9.43
W_PUD_035,2022-05,9.474
W_PUD_035,2022-06,9.732
W_PUD_035,2022-07,8.924
W_PUD_035,2022-08,
W_PUD_035,2022-09,8.182
W_PUD_035,2022-10,8.404
W_PUD_035,2022-11,8.227
W_PUD_035,2022-12,7.911
W_PUD_036,2018-01,8.071
W_PUD_036,2018-02,8.218
W_PUD_036,2018-03,9.005
W_PUD_036,2018-04,8.759
W_PUD_036,2018-05,8.599
W_PUD_036,2018-06,8.779
W_PUD_036,2018-07,8.504
W_PUD_036,2018-08,7.149
W_PUD_036,2018-09,7.491
W_PUD_036,2018-10,7.308
W_PUD_036,2018-11,7.062
W_PUD_036,2018-12,7.499
W_PUD_036,2019-01,7.699
W_PUD_036,2019-02,9.27
W_PUD_036,2019-03,8.977
W_PUD_036,2019-04,9.121
W_PUD_036,2019-05,9.165
W_PUD_036,2019-06,9.356
W_PUD_036,2019-07,8.326
W_PUD_036,2019-08,7.913
W_PUD_036,2019-09,7.22
W_PUD_036,2019-10,7.6
W_PUD_036,2019-11,7.456
W_PUD_036,2019-12,7.757
W_PUD_036,2020-01,8.18
W_PUD_036,2020-02,8.319
W_PUD_036,2020-03,9.348
W_PUD_036,2020-04,9.153
W_PUD_036,2020-05,9.066
W_PUD_036,2020-06,8.934
W_PUD_036,2020-07,8.609
W_PUD_036,2020-08,8.0
W_PUD_036,2020-09,7.989
W_PUD_036,2020-10,
W_PUD_036,2020-11,7.467
W_PUD_036,2020-12,7.432
W_PUD_036,2021-01,8.468
W_PUD_036,2021-02,9.655
W_PUD_036,2021-03,9.536
W_PUD_036,2021-04,9.488
W_PUD_036,2021-05,9.603
W_PUD_036,2021-06,9.425
W_PUD_036,2021-07,9.163
W_PUD_036,2021-08,7.991
W_PUD_036,2021-09,8.036
W_PUD_036,2021-10,8.077
W_PUD_036,2021-11,7.939
W_PUD_036,2021-12,7.934
W_PUD_036,2022-01,8.373
W_PUD_036,2022-02,9.703
W_PUD_036,2022-03,9.651
W_PUD_036,2022-04,10.02
W_PUD_036,2022-05,10.08
W_PUD_036,2022-06,9.68
W_PUD_036,2022-07,9.554
W_PUD_036,2022-08,8.676
W_PUD_036,2022-09,8.736
W_PUD_036,2022-10,8.559
W_PUD_036,2022-11,8.365
W_PUD_036,2022-12,8.461
W_PUD_037,2018-01,7.944
W_PUD_037,2018-02,8.48
W_PUD_037,2018-03,9.112
W_PUD_037,2018-04,9.374
W_PUD_037,2018-05,9.209
W_PUD_037,2018-06,9.169
W_PUD_037,2018-07,8.172
W_PUD_037,2018-08,7.858
W_PUD_037,2018-09,7.67
W_PUD_037,2018-10,7.94
W_PUD_037,2018-11,7.182
W_PUD_037,2018-12,7.617
W_PUD_037,2019-01,7.976
W_PUD_037,2019-02,9.05
W_PUD_037,2019-03,9.307
W_PUD_037,2019-04,9.485
W_PUD_037,2019-05,9.302
W_PUD_037,2019-06,9.331
W_PUD_037,2019-07,8.781
W_PUD_037,2019-08,8.343
W_PUD_037,2019-09,7.834
W_PUD_037,2019-10,7.688
W_PUD_037,2019-11,7.562
W_PUD_037,2019-12,8.1
W_PUD_037,2020-01,8.356
W_PUD_037,2020-02,8.945
W_PUD_037,2020-03,9.542
W_PUD_037,2020-04,9.684
W_PUD_037,2020-05,9.984
W_PUD_037,2020-06,9.854
W_PUD_037,2020-07,8.856
W_PUD_037,2020-08,8.53
W_PUD_037,2020-09,8.493
W_PUD_037,2020-10,7.793
W_PUD_037,2020-11,8.111
W_PUD_037,2020-12,8.071
W_PUD_037,2021-01,8.837
W_PUD_037,2021-02,9.221
W_PUD_037,2021-03,9.734
W_PUD_037,2021-04,10.165
W_PUD_037,2021-05,10.131
W_PUD_037,2021-06,9.492
W_PUD_037,2021-07,8.938
W_PUD_037,2021-08,8.788
W_PUD_037,2021-09,8.714
W_PUD_037,2021-10,8.862
W_PUD_037,2021-11,8.317
W_PUD_037,2021-12,8.644
W_PUD_037,2022-01,8.863
W_PUD_037,2022-02,9.774
W_PUD_037,2022-03,10.319
W_PUD_037,2022-04,9.851
W_PUD_037,2022-05,
W_PUD_037,2022-06,10.161
W_PUD_037,2022-07,9.665
W_PUD_037,2022-08,9.171
W_PUD_037,2022-09,9.167
W_PUD_037,2022-10,8.695
W_PUD_037,2022-11,8.746
W_PUD_037,2022-12,9.08
W_PUD_038,2018-01,6.518
W_PUD_038,2018-02,6.86
W_PUD_038,2018-03,7.237
W_PUD_038,2018-04,8.06
W_PUD_038,2018-05,7.769
W_PUD_038,2018-06,7.43
W_PUD_038,2018-07,6.508
W_PUD_038,2018-08,6.63
W_PUD_038,2018-09,6.229
W_PUD_038,2018-10,5.914
W_PUD_038,2018-11,6.013
W_PUD_038,2018-12,6.612
W_PUD_038,2019-01,6.452
W_PUD_038,2019-02,7.62
W_PUD_038,2019-03,7.939
W_PUD_038,2019-04,8.095
W_PUD_038,2019-05,7.945
W_PUD_038,2019-06,7.921
W_PUD_038,2019-07,7.096
W_PUD_038,2019-08,6.865
W_PUD_038,2019-09,6.403
W_PUD_038,2019-10,6.336
W_PUD_038,2019-11,6.072
W_PUD_038,2019-12,6.26
W_PUD_038,2020-01,6.939
W_PUD_038,2020-02,7.489
W_PUD_038,2020-03,8.624
W_PUD_038,2020-04,8.673
W_PUD_038,2020-05,8.435
W_PUD_038,2020-06,7.772
W_PUD_038,2020-07,6.947
W_PUD_038,2020-08,6.678
W_PUD_038,2020-09,6.685
W_PUD_038,2020-10,6.383
W_PUD_038,2020-11,6.163
W_PUD_038,2020-12,6.651
W_PUD_038,2021-01,7.284
W_PUD_038,2021-02,8.277
W_PUD_038,2021-03,8.37
W_PUD_038,2021-04,8.719
W_PUD_038,2021-05,8.641
W_PUD_038,2021-06,8.723
W_PUD_038,2021-07,7.529
W_PUD_038,2021-08,7.412
W_PUD_038,2021-09,7.433
W_PUD_038,2021-10,
W_PUD_038,2021-11,6.807
W_PUD_038,2021-12,7.769
W_PUD_038,2022-01,7.44
W_PUD_038,2022-02,8.407
W_PUD_038,2022-03,8.454
W_PUD_038,2022-04,9.252
W_PUD_038,2022-05,8.527
W_PUD_038,2022-06,8.392
W_PUD_038,2022-07,7.895
W_PUD_038,2022-08,7.696
W_PUD_038,2022-09,7.154
W_PUD_038,2022-10,7.391
W_PUD_038,2022-11,6.848
W_PUD_038,2022-12,7.417
W_PUD_039,2018-01,6.496
W_PUD_039,2018-02,7.053
W_PUD_039,2018-03,6.811
W_PUD_039,2018-04,7.221
W_PUD_039,2018-05,7.637
W_PUD_039,2018-06,7.281
W_PUD_039,2018-07,6.025
W_PUD_039,2018-08,6.222
W_PUD_039,2018-09,5.459
W_PUD_039,2018-10,6.186
W_PUD_039,2018-11,5.707
W_PUD_039,2018-12,5.59
W_PUD_039,2019-01,6.677
W_PUD_039,2019-02,7.173
W_PUD_039,2019-03,7.346
W_PUD_039,2019-04,7.749
W_PUD_039,2019-05,7.881
W_PUD_039,2019-06,7.318
W_PUD_039,2019-07,7.401
W_PUD_039,2019-08,5.829
W_PUD_039,2019-09,6.314
W_PUD_039,2019-10,6.384
W_PUD_039,2019-11,5.304
W_PUD_039,2019-12,5.92
W_PUD_039,2020-01,6.469
W_PUD_039,2020-02,6.931
W_PUD_039,2020-03,7.022
W_PUD_039,2020-04,8.173
W_PUD_039,2020-05,7.698
W_PUD_039,2020-06,7.88
W_PUD_039,2020-07,6.901
W_PUD_039,2020-08,7.054
W_PUD_039,2020-09,6.502
W_PUD_039,2020-10,7.147
W_PUD_039,2020-11,5.955
W_PUD_039,2020-12,
W_PUD_039,2021-01,7.058
W_PUD_039,2021-02,8.048
W_PUD_039,2021-03,8.289
W_PUD_039,2021-04,8.685
W_PUD_039,2021-05,8.102
W_PUD_039,2021-06,8.118
W_PUD_039,2021-07,7.811
W_PUD_039,2021-08,6.729
W_PUD_039,2021-09,6.783
W_PUD_039,2021-10,6.954
W_PUD_039,2021-11,6.77
W_PUD_039,2021-12,7.055
W_PUD_039,2022-01,7.27
W_PUD_039,2022-02,8.364
W_PUD_039,2022-03,8.229
W_PUD_039,2022-04,8.388
W_PUD_039,2022-05,8.495
W_PUD_039,2022-06,7.951
W_PUD_039,2022-07,7.757
W_PUD_039,2022-08,7.153
W_PUD_039,2022-09,7.009
W_PUD_039,2022-10,7.194
W_PUD_039,2022-11,7.283
W_PUD_039,2022-12,6.983
W_PUD_040,2018-01,8.228
W_PUD_040,2018-02,8.442
W_PUD_040,2018-03,8.801
W_PUD_040,2018-04,8.766
W_PUD_040,2018-05,8.712
W_PUD_040,2018-06,8.664
W_PUD_040,2018-07,8.111
W_PUD_040,2018-08,7.629
W_PUD_040,2018-09,7.705
W_PUD_040,2018-10,7.428
W_PUD_040,2018-11,6.954
W_PUD_040,2018-12,7.289
W_PUD_040,2019-01,8.027
W_PUD_040,2019-02,8.869
W_PUD_040,2019-03,9.414
W_PUD_040,2019-04,9.124
W_PUD_040,2019-05,8.992
W_PUD_040,2019-06,9.093
W_PUD_040,2019-07,8.464
W_PUD_040,2019-08,8.226
W_PUD_040,2019-09,7.433
W_PUD_040,2019-10,8.32
W_PUD_040,2019-11,7.821
W_PUD_040,2019-12,7.673
W_PUD_040,2020-01,8.12
W_PUD_040,2020-02,9.143
W_PUD_040,2020-03,9.521
W_PUD_040,2020-04,9.647
W_PUD_040,2020-05,9.529
W_PUD_040,2020-06,9.158
W_PUD_040,2020-07,8.986
W_PUD_040,2020-08,8.6
W_PUD_040,2020-09,8.243
W_PUD_040,2020-10,8.089
W_PUD_040,2020-11,7.682
W_PUD_040,2020-12,8.422
W_PUD_040,2021-01,8.497
W_PUD_040,2021-02,9.724
W_PUD_040,2021-03,9.721
W_PUD_040,2021-04,9.68
W_PUD_040,2021-05,10.011
W_PUD_040,2021-06,9.797
W_PUD_040,2021-07,9.426
W_PUD_040,2021-08,9.012
W_PUD_040,2021-09,9.131
W_PUD_040,2021-10,8.935
W_PUD_040,2021-11,8.302
W_PUD_040,2021-12,
W_PUD_040,2022-01,8.702
W_PUD_040,2022-02,9.605
W_PUD_040,2022-03,10.518
W_PUD_040,2022-04,10.014
W_PUD_040,2022-05,9.942
W_PUD_040,2022-06,10.007
W_PUD_040,2022-07,9.477
W_PUD_040,2022-08,8.441
W_PUD_040,2022-09,8.703
W_PUD_040,2022-10,8.494
W_PUD_040,2022-11,8.492
W_PUD_040,2022-12,8.488
W_PUD_041,2018-01,8.399
W_PUD_041,2018-02,9.277
W_PUD_041,2018-03,9.627
W_PUD_041,2018-04,9.53
W_PUD_041,2018-05,9.048
W_PUD_041,2018-06,
W_PUD_041,2018-07,8.31
W_PUD_041,2018-08,8.186
W_PUD_041,2018-09,7.524
W_PUD_041,2018-10,8.505
W_PUD_041,2018-11,7.551
W_PUD_041,2018-12,7.695
W_PUD_041,2019-01,8.33
W_PUD_041,2019-02,9.371
W_PUD_041,2019-03,9.641
W_PUD_041,2019-04,9.411
W_PUD_041,2019-05,9.58
W_PUD_041,2019-06,9.178
W_PUD_041,2019-07,8.766
W_PUD_041,2019-08,8.301
W_PUD_041,2019-09,8.401
W_PUD_041,2019-10,8.033
W_PUD_041,2019-11,8.235
W_PUD_041,2019-12,8.275
W_PUD_041,2020-01,9.275
W_PUD_041,2020-02,10.036
W_PUD_041,2020-03,10.06
W_PUD_041,2020-04,10.474
W_PUD_041,2020-05,10.391
W_PUD_041,2020-06,9.326
W_PUD_041,2020-07,9.2
W_PUD_041,2020-08,8.603
W_PUD_041,2020-09,8.517
W_PUD_041,2020-10,8.713
W_PUD_041,2020-11,7.798
W_PUD_041,2020-12,8.462
W_PUD_041,2021-01,9.149
W_PUD_041,2021-02,9.785
W_PUD_041,2021-03,9.849
W_PUD_041,2021-04,10.52
W_PUD_041,2021-05,10.25
W_PUD_041,2021-06,9.858
W_PUD_041,2021-07,8.981
W_PUD_041,2021-08,8.927
W_PUD_041,2021-09,8.858
W_PUD_041,2021-10,8.999
W_PUD_041,2021-11,8.807
W_PUD_041,2021-12,8.622
W_PUD_041,2022-01,9.148
W_PUD_041,2022-02,10.049
W_PUD_041,2022-03,10.619
W_PUD_041,2022-04,10.558
W_PUD_041,2022-05,10.573
W_PUD_041,2022-06,10.116
W_PUD_041,2022-07,9.861
W_PUD_041,2022-08,9.954
W_PUD_041,2022-09,9.004
W_PUD_041,2022-10,8.676
W_PUD_041,2022-11,8.735
W_PUD_041,2022-12,9.11
W_PUD_042,2018-01,7.499
W_PUD_042,2018-02,7.645
W_PUD_042,2018-03,7.984
W_PUD_042,2018-04,8.634
W_PUD_042,2018-05,8.244
W_PUD_042,2018-06,7.438
W_PUD_042,2018-07,7.267
W_PUD_042,2018-08,6.948
W_PUD_042,2018-09,6.945
W_PUD_042,2018-10,6.515
W_PUD_042,2018-11,6.509
W_PUD_042,2018-12,
W_PUD_042,2019-01,7.109
W_PUD_042,2019-02,8.194
W_PUD_042,2019-03,8.595
W_PUD_042,2019-04,8.769
W_PUD_042,2019-05,8.465
W_PUD_042,2019-06,8.209
W_PUD_042,2019-07,7.195
W_PUD_042,2019-08,7.461
W_PUD_042,2019-09,7.19
W_PUD_042,2019-10,6.52
W_PUD_042,2019-11,6.667
W_PUD_042,2019-12,7.156
W_PUD_042,2020-01,7.083
W_PUD_042,2020-02,8.486
W_PUD_042,2020-03,8.99
W_PUD_042,2020-04,9.352
W_PUD_042,2020-05,8.817
W_PUD_042,2020-06,8.567
W_PUD_042,2020-07,8.165
W_PUD_042,2020-08,7.964
W_PUD_042,2020-09,8.092
W_PUD_042,2020-10,7.238
W_PUD_042,2020-11,6.466
W_PUD_042,2020-12,6.75
W_PUD_042,2021-01,7.715
W_PUD_042,2021-02,9.062
W_PUD_042,2021-03,8.857
W_PUD_042,2021-04,9.26
W_PUD_042,2021-05,8.942
W_PUD_042,2021-06,8.721
W_PUD_042,2021-07,8.165
W_PUD_042,2021-08,7.923
W_PUD_042,2021-09,7.505
W_PUD_042,2021-10,7.93
W_PUD_042,2021-11,7.447
W_PUD_042,2021-12,8.011
W_PUD_042,2022-01,7.781
W_PUD_042,2022-02,8.704
W_PUD_042,2022-03,9.409
W_PUD_042,2022-04,9.654
W_PUD_042,2022-05,9.586
W_PUD_042,2022-06,9.419
W_PUD_042,2022-07,8.883
W_PUD_042,2022-08,8.041
W_PUD_042,2022-09,7.652
W_PUD_042,2022-10,7.921
W_PUD_042,2022-11,7.606
W_PUD_042,2022-12,8.102
W_PUD_043,2018-01,6.247
W_PUD_043,2018-02,6.8
W_PUD_043,2018-03,7.088
W_PUD_043,2018-04,7.175
W_PUD_043,2018-05,6.978
W_PUD_043,2018-06,7.26
W_PUD_043,2018-07,6.576
W_PUD_043,2018-08,6.464
W_PUD_043,2018-09,5.683
W_PUD_043,2018-10,6.121
W_PUD_043,2018-11,5.124
W_PUD_043,2018-12,6.057
W_PUD_043,2019-01,6.191
W_PUD_043,2019-02,7.194
W_PUD_043,2019-03,7.674
W_PUD_043,2019-04,8.107
W_PUD_043,2019-05,7.097
W_PUD_043,2019-06,7.386
W_PUD_043,2019-07,7.203
W_PUD_043,2019-08,6.583
W_PUD_043,2019-09,6.513
W_PUD_043,2019-10,5.993
W_PUD_043,2019-11,5.726
W_PUD_043,2019-12,6.566
W_PUD_043,2020-01,6.427
W_PUD_043,2020-02,7.93
W_PUD_043,2020-03,7.824
W_PUD_043,2020-04,8.311
W_PUD_043,2020-05,7.918
W_PUD_043,2020-06,7.5
W_PUD_043,2020-07,7.172
W_PUD_043,2020-08,6.712
W_PUD_043,2020-09,6.705
W_PUD_043,2020-10,6.539
W_PUD_043,2020-11,6.002
W_PUD_043,2020-12,6.701
W_PUD_043,2021-01,6.731
W_PUD_043,2021-02,7.919
W_PUD_043,2021-03,8.473
W_PUD_043,2021-04,8.317
W_PUD_043,2021-05,8.076
W_PUD_043,2021-06,8.214
W_PUD_043,2021-07,7.551
W_PUD_043,2021-08,7.128
W_PUD_043,2021-09,6.809
W_PUD_043,2021-10,6.663
W_PUD_043,2021-11,6.7
W_PUD_043,2021-12,6.566
W_PUD_043,2022-01,7.033
W_PUD_043,2022-02,8.131
W_PUD_043,2022-03,8.445
W_PUD_043,2022-04,8.488
W_PUD_043,2022-05,8.209
W_PUD_043,2022-06,8.212
W_PUD_043,2022-07,7.676
W_PUD_043,2022-08,6.994
W_PUD_043,2022-09,
W_PUD_043,2022-10,7.067
W_PUD_043,2022-11,6.747
W_PUD_043,2022-12,6.774
W_PUD_044,2018-01,9.907
W_PUD_044,2018-02,10.839
W_PUD_044,2018-03,10.641
W_PUD_044,2018-04,10.84
W_PUD_044,2018-05,11.218
W_PUD_044,2018-06,10.371
W_PUD_044,2018-07,9.882
W_PUD_044,2018-08,9.984
W_PUD_044,2018-09,9.534
W_PUD_044,2018-10,9.363
W_PUD_044,2018-11,9.1
W_PUD_044,2018-12,9.715
W_PUD_044,2019-01,9.891
W_PUD_044,2019-02,10.358
W_PUD_044,2019-03,11.264
W_PUD_044,2019-04,11.49
W_PUD_044,2019-05,11.336
W_PUD_044,2019-06,10.863
W_PUD_044,2019-07,10.381
W_PUD_044,2019-08,9.967
W_PUD_044,2019-09,9.732
W_PUD_044,2019-10,9.817
W_PUD_044,2019-11,9.465
W_PUD_044,2019-12,9.515
W_PUD_044,2020-01,10.216
W_PUD_044,2020-02,11.123
W_PUD_044,2020-03,11.179
W_PUD_044,2020-04,12.016
W_PUD_044,2020-05,11.487
W_PUD_044,2020-06,11.395
W_PUD_044,2020-07,10.757
W_PUD_044,2020-08,10.603
W_PUD_044,2020-09,10.248
W_PUD_044,2020-10,10.446
W_PUD_044,2020-11,9.602
W_PUD_044,2020-12,10.18
W_PUD_044,2021-01,10.286
W_PUD_044,2021-02,11.534
W_PUD_044,2021-03,11.467
W_PUD_044,2021-04,12.076
W_PUD_044,2021-05,12.07
W_PUD_044,2021-06,12.034
W_PUD_044,2021-07,11.001
W_PUD_044,2021-08,10.841
W_PUD_044,2021-09,10.046
W_PUD_044,2021-10,10.435
W_PUD_044,2021-11,10.211
W_PUD_044,2021-12,10.125
W_PUD_044,2022-01,10.565
W_PUD_044,2022-02,11.898
W_PUD_044,2022-03,12.222
W_PUD_044,2022-04,12.482
W_PUD_044,2022-05,12.244
W_PUD_044,2022-06,12.032
W_PUD_044,2022-07,11.433
W_PUD_044,2022-08,11.309
W_PUD_044,2022-09,
W_PUD_044,2022-10,10.87
W_PUD_044,2022-11,10.135
W_PUD_044,2022-12,10.476
W_PUD_045,2018-01,8.602
W_PUD_045,2018-02,9.195
W_PUD_045,2018-03,9.545
W_PUD_045,2018-04,9.472
W_PUD_045,2018-05,9.88
W_PUD_045,2018-06,9.31
W_PUD_045,2018-07,8.802
W_PUD_045,2018-08,8.391
W_PUD_045,2018-09,8.095
W_PUD_045,2018-10,8.04
W_PUD_045,2018-11,7.441
W_PUD_045,2018-12,8.072
W_PUD_045,2019-01,8.72
W_PUD_045,2019-02,9.858
W_PUD_045,2019-03,9.492
W_PUD_045,2019-04,9.532
W_PUD_045,2019-05,9.751
W_PUD_045,2019-06,9.643
W_PUD_045,2019-07,9.101
W_PUD_045,2019-08,8.473
W_PUD_045,2019-09,8.544
W_PUD_045,2019-10,7.934
W_PUD_045,2019-11,8.16
W_PUD_045,2019-12,8.749
W_PUD_045,2020-01,8.45
W_PUD_045,2020-02,9.678
W_PUD_045,2020-03,9.968
W_PUD_045,2020-04,10.668
W_PUD_045,2020-05,10.199
W_PUD_045,2020-06,9.646
W_PUD_045,2020-07,9.499
W_PUD_045,2020-08,9.197
W_PUD_045,2020-09,8.844
W_PUD_045,2020-10,8.604
W_PUD_045,2020-11,8.455
W_PUD_045,2020-12,8.812
W_PUD_045,2021-01,9.18
W_PUD_045,2021-02,10.061
W_PUD_045,2021-03,10.695
W_PUD_045,2021-04,10.442
W_PUD_045,2021-05,10.63
W_PUD_045,2021-06,10.215
W_PUD_045,2021-07,9.603
W_PUD_045,2021-08,9.64
W_PUD_045,2021-09,9.216
W_PUD_045,2021-10,9.278
W_PUD_045,2021-11,8.969
W_PUD_045,2021-12,8.918
W_PUD_045,2022-01,9.464
W_PUD_045,2022-02,10.73
W_PUD_045,2022-03,10.758
W_PUD_045,2022-04,10.867
W_PUD_045,2022-05,10.591
W_PUD_045,2022-06,10.03
W_PUD_045,2022-07,9.618
W_PUD_045,2022-08,9.55
W_PUD_045,2022-09,
W_PUD_045,2022-10,9.663
W_PUD_045,2022-11,9.19
W_PUD_045,2022-12,9.174
W_PUD_046,2018-01,7.532
W_PUD_046,2018-02,7.71
W_PUD_046,2018-03,8.399
W_PUD_046,2018-04,8.903
W_PUD_046,2018-05,8.523
W_PUD_046,2018-06,8.144
W_PUD_046,2018-07,7.914
W_PUD_046,2018-08,7.541
W_PUD_046,2018-09,6.588
W_PUD_046,2018-10,6.813
W_PUD_046,2018-11,6.908
W_PUD_046,2018-12,6.693
W_PUD_046,2019-01,7.577
W_PUD_046,2019-02,8.349
W_PUD_046,2019-03,8.764
W_PUD_046,2019-04,9.115
W_PUD_046,2019-05,8.751
W_PUD_046,2019-06,8.691
W_PUD_046,2019-07,7.677
W_PUD_046,2019-08,7.459
W_PUD_046,2019-09,7.728
W_PUD_046,2019-10,7.254
W_PUD_046,2019-11,7.488
W_PUD_046,2019-12,7.189
W_PUD_046,2020-01,7.205
W_PUD_046,2020-02,8.364
W_PUD_046,2020-03,8.871
W_PUD_046,2020-04,9.214
W_PUD_046,2020-05,8.522
W_PUD_046,2020-06,
W_PUD_046,2020-07,8.318
W_PUD_046,2020-08,7.687
W_PUD_046,2020-09,8.13
W_PUD_046,2020-10,7.769
W_PUD_046,2020-11,7.184
W_PUD_046,2020-12,7.005
W_PUD_046,2021-01,8.599
W_PUD_046,2021-02,8.925
W_PUD_046,2021-03,9.429
W_PUD_046,2021-04,9.475
W_PUD_046,2021-05,9.365
W_PUD_046,2021-06,9.234
W_PUD_046,2021-07,8.181
W_PUD_046,2021-08,8.53
W_PUD_046,2021-09,8.167
W_PUD_046,2021-10,8.065
W_PUD_046,2021-11,8.147
W_PUD_046,2021-12,7.665
W_PUD_046,2022-01,8.311
W_PUD_046,2022-02,9.578
W_PUD_046,2022-03,9.845
W_PUD_046,2022-04,9.982
W_PUD_046,2022-05,9.355
W_PUD_046,2022-06,8.97
W_PUD_046,2022-07,8.926
W_PUD_046,2022-08,8.511
W_PUD_046,2022-09,8.081
W_PUD_046,2022-10,8.523
W_PUD_046,2022-11,7.816
W_PUD_046,2022-12,8.21
W_PUD_047,2018-01,8.601
W_PUD_047,2018-02,8.865
W_PUD_047,2018-03,9.176
W_PUD_047,2018-04,9.025
W_PUD_047,2018-05,9.354
W_PUD_047,2018-06,8.152
W_PUD_047,2018-07,7.916
W_PUD_047,2018-08,7.959
W_PUD_047,2018-09,7.558
W_PUD_047,2018-10,7.502
W_PUD_047,2018-11,7.557
W_PUD_047,2018-12,7.719
W_PUD_047,2019-01,8.165
W_PUD_047,2019-02,8.951
W_PUD_047,2019-03,9.808
W_PUD_047,2019-04,9.63
W_PUD_047,2019-05,9.461
W_PUD_047,2019-06,9.846
W_PUD_047,2019-07,8.42
W_PUD_047,2019-08,8.305
W_PUD_047,2019-09,7.767
W_PUD_047,2019-10,7.566
W_PUD_047,2019-11,7.479
W_PUD_047,2019-12,8.113
W_PUD_047,2020-01,7.918
W_PUD_047,2020-02,9.395
W_PUD_047,2020-03,9.316
W_PUD_047,2020-04,9.888
W_PUD_047,2020-05,9.297
W_PUD_047,2020-06,9.451
W_PUD_047,2020-07,8.406
W_PUD_047,2020-08,8.579
W_PUD_047,2020-09,8.217
W_PUD_047,2020-10,8.02
W_PUD_047,2020-11,7.609
W_PUD_047,2020-12,8.251
W_PUD_047,2021-01,
W_PUD_047,2021-02,9.228
W_PUD_047,2021-03,9.909
W_PUD_047,2021-04,9.902
W_PUD_047,2021-05,9.687
W_PUD_047,2021-06,9.813
W_PUD_047,2021-07,9.17
W_PUD_047,2021-08,8.148
W_PUD_047,2021-09,8.993
W_PUD_047,2021-10,8.722
W_PUD_047,2021-11,8.346
W_PUD_047,2021-12,8.241
W_PUD_047,2022-01,8.872
W_PUD_047,2022-02,9.809
W_PUD_047,2022-03,10.481
W_PUD_047,2022-04,10.682
W_PUD_047,2022-05,10.617
W_PUD_047,2022-06,10.389
W_PUD_047,2022-07,9.484
W_PUD_047,2022-08,9.077
W_PUD_047,2022-09,8.623
W_PUD_047,2022-10,8.674
W_PUD_047,2022-11,8.022
W_PUD_047,2022-12,8.637
W_PUD_048,2018-01,6.547
W_PUD_048,2018-02,7.298
W_PUD_048,2018-03,7.776
W_PUD_048,2018-04,7.853
W_PUD_048,2018-05,8.039
W_PUD_048,2018-06,6.924
W_PUD_048,2018-07,7.106
W_PUD_048,2018-08,6.859
W_PUD_048,2018-09,6.134
W_PUD_048,2018-10,6.142
W_PUD_048,2018-11,
W_PUD_048,2018-12,6.284
W_PUD_048,2019-01,6.741
W_PUD_048,2019-02,7.404
W_PUD_048,2019-03,7.953
W_PUD_048,2019-04,8.004
W_PUD_048,2019-05,7.816
W_PUD_048,2019-06,8.234
W_PUD_048,2019-07,6.458
W_PUD_048,2019-08,6.469
W_PUD_048,2019-09,6.813
W_PUD_048,2019-10,6.681
W_PUD_048,2019-11,5.95
W_PUD_048,2019-12,7.118
W_PUD_048,2020-01,6.677
W_PUD_048,2020-02,7.944
W_PUD_048,2020-03,7.964
W_PUD_048,2020-04,8.336
W_PUD_048,2020-05,8.295
W_PUD_048,2020-06,7.758
W_PUD_048,2020-07,7.473
W_PUD_048,2020-08,7.071
W_PUD_048,2020-09,7.022
W_PUD_048,2020-10,6.75
W_PUD_048,2020-11,6.359
W_PUD_048,2020-12,7.145
W_PUD_048,2021-01,7.867
W_PUD_048,2021-02,7.62
W_PUD_048,2021-03,8.33
W_PUD_048,2021-04,8.754
W_PUD_048,2021-05,8.658
W_PUD_048,2021-06,7.808
W_PUD_048,2021-07,7.494
W_PUD_048,2021-08,7.521
W_PUD_048,2021-09,7.988
W_PUD_048,2021-10,7.459
W_PUD_048,2021-11,7.175
W_PUD_048,2021-12,6.984
W_PUD_048,2022-01,7.276
W_PUD_048,2022-02,8.539
W_PUD_048,2022-03,9.235
W_PUD_048,2022-04,8.708
W_PUD_048,2022-05,8.772
W_PUD_048,2022-06,8.491
W_PUD_048,2022-07,7.949
W_PUD_048,2022-08,7.801
W_PUD_048,2022-09,7.44
W_PUD_048,2022-10,7.243
W_PUD_048,2022-11,6.931
W_PUD_048,2022-12,7.327
W_PUD_049,2018-01,7.303
W_PUD_049,2018-02,7.856
W_PUD_049,2018-03,8.575
W_PUD_049,2018-04,8.188
W_PUD_049,2018-05,7.642
W_PUD_049,2018-06,7.98
W_PUD_049,2018-07,6.85
W_PUD_049,2018-08,6.764
W_PUD_049,2018-09,6.645
W_PUD_049,2018-10,6.54
W_PUD_049,2018-11,6.07
W_PUD_049,2018-12,6.034
W_PUD_049,2019-01,6.86
W_PUD_049,2019-02,7.805
W_PUD_049,2019-03,8.098
W_PUD_049,2019-04,8.259
W_PUD_049,2019-05,8.044
W_PUD_049,2019-06,
W_PUD_049,2019-07,7.288
W_PUD_049,2019-08,7.272
W_PUD_049,2019-09,6.393
W_PUD_049,2019-10,7.047
W_PUD_049,2019-11,6.647
W_PUD_049,2019-12,7.161
W_PUD_049,2020-01,7.147
W_PUD_049,2020-02,8.213
W_PUD_049,2020-03,8.833
W_PUD_049,2020-04,8.532
W_PUD_049,2020-05,8.144
W_PUD_049,2020-06,8.276
W_PUD_049,2020-07,7.734
W_PUD_049,2020-08,7.379
W_PUD_049,2020-09,6.944
W_PUD_049,2020-10,7.123
W_PUD_049,2020-11,6.801
W_PUD_049,2020-12,7.074
W_PUD_049,2021-01,7.595
W_PUD_049,2021-02,7.996
W_PUD_049,2021-03,8.586
W_PUD_049,2021-04,8.729
W_PUD_049,2021-05,9.608
W_PUD_049,2021-06,8.56
W_PUD_049,2021-07,7.858
W_PUD_049,2021-08,7.791
W_PUD_049,2021-09,7.09
W_PUD_049,2021-10,7.6
W_PUD_049,2021-11,7.602
W_PUD_049,2021-12,7.711
W_PUD_049,2022-01,7.672
W_PUD_049,2022-02,9.29
W_PUD_049,2022-03,9.623
W_PUD_049,2022-04,8.823
W_PUD_049,2022-05,9.204
W_PUD_049,2022-06,8.806
W_PUD_049,2022-07,8.13
W_PUD_049,2022-08,7.864
W_PUD_049,2022-09,7.541
W_PUD_049,2022-10,8.141
W_PUD_049,2022-11,7.483
W_PUD_049,2022-12,7.74
W_PUD_050,2018-01,8.868
W_PUD_050,2018-02,8.853
W_PUD_050,2018-03,9.367
W_PUD_050,2018-04,9.155
W_PUD_050,2018-05,9.438
W_PUD_050,2018-06,9.592
W_PUD_050,2018-07,8.626
W_PUD_050,2018-08,
W_PUD_050,2018-09,7.662
W_PUD_050,2018-10,7.873
W_PUD_050,2018-11,7.687
W_PUD_050,2018-12,7.743
W_PUD_050,2019-01,8.364
W_PUD_050,2019-02,9.256
W_PUD_050,2019-03,9.862
W_PUD_050,2019-04,9.58
W_PUD_050,2019-05,10.088
W_PUD_050,2019-06,9.519
W_PUD_050,2019-07,8.555
W_PUD_050,2019-08,8.213
W_PUD_050,2019-09,8.07
W_PUD_050,2019-10,8.067
W_PUD_050,2019-11,7.611
W_PUD_050,2019-12,8.432
W_PUD_050,2020-01,8.832
W_PUD_050,2020-02,9.526
W_PUD_050,2020-03,9.963
W_PUD_050,2020-04,10.081
W_PUD_050,2020-05,10.138
W_PUD_050,2020-06,9.612
W_PUD_050,2020-07,8.961
W_PUD_050,2020-08,8.957
W_PUD_050,2020-09,8.585
W_PUD_050,2020-10,8.845
W_PUD_050,2020-11,7.684
W_PUD_050,2020-12,8.551
W_PUD_050,2021-01,9.324
W_PUD_050,2021-02,9.643
W_PUD_050,2021-03,10.215
W_PUD_050,2021-04,10.229
W_PUD_050,2021-05,10.639
W_PUD_050,2021-06,9.666
W_PUD_050,2021-07,9.128
W_PUD_050,2021-08,9.084
W_PUD_050,2021-09,8.602
W_PUD_050,2021-10,8.69
W_PUD_050,2021-11,8.9
W_PUD_050,2021-12,8.404
W_PUD_050,2022-01,9.082
W_PUD_050,2022-02,10.645
W_PUD_050,2022-03,10.797
W_PUD_050,2022-04,10.31
W_PUD_050,2022-05,10.633
W_PUD_050,2022-06,10.4
W_PUD_050,2022-07,9.923
W_PUD_050,2022-08,9.421
W_PUD_050,2022-09,9.057
W_PUD_050,2022-10,9.093
W_PUD_050,2022-11,9.024
W_PUD_050,2022-12,8.711
W_PUD_051,2018-01,7.581
W_PUD_051,2018-02,8.354
W_PUD_051,2018-03,8.96
W_PUD_051,2018-04,9.374
W_PUD_051,2018-05,8.594
W_PUD_051,2018-06,8.668
W_PUD_051,2018-07,8.135
W_PUD_051,2018-08,7.916
W_PUD_051,2018-09,7.318
W_PUD_051,2018-10,7.821
W_PUD_051,2018-11,6.979
W_PUD_051,2018-12,7.713
W_PUD_051,2019-01,7.844
W_PUD_051,2019-02,8.772
W_PUD_051,2019-03,9.454
W_PUD_051,2019-04,9.399
W_PUD_051,2019-05,9.26
W_PUD_051,2019-06,9.269
W_PUD_051,2019-07,8.462
W_PUD_051,2019-08,7.862
W_PUD_051,2019-09,7.622
W_PUD_051,2019-10,7.792
W_PUD_051,2019-11,7.588
W_PUD_051,2019-12,7.435
W_PUD_051,2020-01,8.218
W_PUD_051,2020-02,9.189
W_PUD_051,2020-03,9.46
W_PUD_051,2020-04,9.998
W_PUD_051,2020-05,9.243
W_PUD_051,2020-06,9.627
W_PUD_051,2020-07,8.968
W_PUD_051,2020-08,8.362
W_PUD_051,2020-09,8.436
W_PUD_051,2020-10,8.036
W_PUD_051,2020-11,7.528
W_PUD_051,2020-12,7.923
W_PUD_051,2021-01,
W_PUD_051,2021-02,9.429
W_PUD_051,2021-03,9.67
W_PUD_051,2021-04,9.805
W_PUD_051,2021-05,9.447
W_PUD_051,2021-06,9.44
W_PUD_051,2021-07,8.855
W_PUD_051,2021-08,8.522
W_PUD_051,2021-09,8.435
W_PUD_051,2021-10,8.303
W_PUD_051,2021-11,8.126
W_PUD_051,2021-12,8.418
W_PUD_051,2022-01,8.896
W_PUD_051,2022-02,10.165
W_PUD_051,2022-03,10.33
W_PUD_051,2022-04,10.531
W_PUD_051,2022-05,10.493
W_PUD_051,2022-06,9.799
W_PUD_051,2022-07,9.021
W_PUD_051,2022-08,8.705
W_PUD_051,2022-09,8.867
W_PUD_051,2022-10,8.923
W_PUD_051,2022-11,8.76
W_PUD_051,2022-12,8.67
W_PUD_052,2018-01,8.127
W_PUD_052,2018-02,8.618
W_PUD_052,2018-03,8.971
W_PUD_052,2018-04,8.945
W_PUD_052,2018-05,9.143
W_PUD_052,2018-06,8.636
W_PUD_052,2018-07,8.212
W_PUD_052,2018-08,7.687
W_PUD_052,2018-09,6.988
W_PUD_052,2018-10,7.754
W_PUD_052,2018-11,6.733
W_PUD_052,2018-12,7.728
W_PUD_052,2019-01,7.705
W_PUD_052,2019-02,8.839
W_PUD_052,2019-03,8.849
W_PUD_052,2019-04,8.899
W_PUD_052,2019-05,9.224
W_PUD_052,2019-06,9.003
W_PUD_052,2019-07,7.962
W_PUD_052,2019-08,7.982
W_PUD_052,2019-09,7.572
W_PUD_052,2019-10,7.137
W_PUD_052,2019-11,7.22
W_PUD_052,2019-12,7.723
W_PUD_052,2020-01,8.295
W_PUD_052,2020-02,8.91
W_PUD_052,2020-03,9.258
W_PUD_052,2020-04,9.902
W_PUD_052,2020-05,9.947
W_PUD_052,2020-06,8.766
W_PUD_052,2020-07,8.946
W_PUD_052,2020-08,8.319
W_PUD_052,2020-09,8.349
W_PUD_052,2020-10,8.04
W_PUD_052,2020-11,7.762
W_PUD_052,2020-12,7.871
W_PUD_052,2021-01,8.537
W_PUD_052,2021-02,9.489
W_PUD_052,2021-03,9.776
W_PUD_052,2021-04,9.845
W_PUD_052,2021-05,9.545
W_PUD_052,2021-06,9.774
W_PUD_052,2021-07,9.296
W_PUD_052,2021-08,8.308
W_PUD_052,2021-09,8.12
W_PUD_052,2021-10,8.933
W_PUD_052,2021-11,7.875
W_PUD_052,2021-12,8.456
W_PUD_052,2022-01,8.446
W_PUD_052,2022-02,10.137
W_PUD_052,2022-03,
W_PUD_052,2022-04,9.917
W_PUD_052,2022-05,10.475
W_PUD_052,2022-06,10.29
W_PUD_052,2022-07,9.329
W_PUD_052,2022-08,9.248
W_PUD_052,2022-09,8.698
W_PUD_052,2022-10,8.638
W_PUD_052,2022-11,8.197
W_PUD_052,2022-12,8.558
W_PUD_053,2018-01,9.816
W_PUD_053,2018-02,10.798
W_PUD_053,2018-03,9.94
W_PUD_053,2018-04,10.617
W_PUD_053,2018-05,9.983
W_PUD_053,2018-06,
W_PUD_053,2018-07,10.141
W_PUD_053,2018-08,9.666
W_PUD_053,2018-09,9.121
W_PUD_053,2018-10,9.289
W_PUD_053,2018-11,8.688
W_PUD_053,2018-12,8.963
W_PUD_053,2019-01,9.989
W_PUD_053,2019-02,10.611
W_PUD_053,2019-03,10.517
W_PUD_053,2019-04,10.778
W_PUD_053,2019-05,10.75
W_PUD_053,2019-06,10.894
W_PUD_053,2019-07,10.274
W_PUD_053,2019-08,9.873
W_PUD_053,2019-09,9.529
W_PUD_053,2019-10,9.347
W_PUD_053,2019-11,8.949
W_PUD_053,2019-12,9.471
W_PUD_053,2020-01,10.051
W_PUD_053,2020-02,10.855
W_PUD_053,2020-03,11.206
W_PUD_053,2020-04,11.231
W_PUD_053,2020-05,11.344
W_PUD_053,2020-06,11.13
W_PUD_053,2020-07,10.146
W_PUD_053,2020-08,10.139
W_PUD_053,2020-09,10.024
W_PUD_053,2020-10,9.42
W_PUD_053,2020-11,8.944
W_PUD_053,2020-12,9.887
W_PUD_053,2021-01,10.359
W_PUD_053,2021-02,11.398
W_PUD_053,2021-03,11.59
W_PUD_053,2021-04,11.515
W_PUD_053,2021-05,11.433
W_PUD_053,2021-06,10.945
W_PUD_053,2021-07,10.727
W_PUD_053,2021-08,10.295
W_PUD_053,2021-09,10.508
W_PUD_053,2021-10,9.84
W_PUD_053,2021-11,10.057
W_PUD_053,2021-12,10.4
W_PUD_053,2022-01,10.38
W_PUD_053,2022-02,11.399
W_PUD_053,2022-03,11.633
W_PUD_053,2022-04,11.748
W_PUD_053,2022-05,11.911
W_PUD_053,2022-06,10.927
W_PUD_053,2022-07,10.541
W_PUD_053,2022-08,11.214
W_PUD_053,2022-09,10.197
W_PUD_053,2022-10,10.276
W_PUD_053,2022-11,9.859
W_PUD_053,2022-12,10.648
W_PUD_054,2018-01,9.025
W_PUD_054,2018-02,8.601
W_PUD_054,2018-03,9.55
W_PUD_054,2018-04,9.521
W_PUD_054,2018-05,9.38
W_PUD_054,2018-06,9.307
W_PUD_054,2018-07,8.686
W_PUD_054,2018-08,8.611
W_PUD_054,2018-09,7.479
W_PUD_054,2018-10,8.227
W_PUD_054,2018-11,7.932
W_PUD_054,2018-12,8.141
W_PUD_054,2019-01,8.285
W_PUD_054,2019-02,9.49
W_PUD_054,2019-03,9.994
W_PUD_054,2019-04,10.254
W_PUD_054,2019-05,9.652
W_PUD_054,2019-06,9.574
W_PUD_054,2019-07,8.975
W_PUD_054,2019-08,8.586
W_PUD_054,2019-09,8.354
W_PUD_054,2019-10,8.595
W_PUD_054,2019-11,8.523
W_PUD_054,2019-12,8.257
W_PUD_054,2020-01,8.869
W_PUD_054,2020-02,9.772
W_PUD_054,2020-03,10.026
W_PUD_054,2020-04,9.824
W_PUD_054,2020-05,9.838
W_PUD_054,2020-06,9.792
W_PUD_054,2020-07,9.59
W_PUD_054,2020-08,9.093
W_PUD_054,2020-09,8.621
W_PUD_054,2020-10,9.354
W_PUD_054,2020-11,8.115
W_PUD_054,2020-12,8.816
W_PUD_054,2021-01,8.968
W_PUD_054,2021-02,10.108
W_PUD_054,2021-03,10.246
W_PUD_054,2021-04,10.781
W_PUD_054,2021-05,
W_PUD_054,2021-06,10.093
W_PUD_054,2021-07,9.94
W_PUD_054,2021-08,9.366
W_PUD_054,2021-09,9.077
W_PUD_054,2021-10,9.477
W_PUD_054,2021-11,8.739
W_PUD_054,2021-12,9.486
W_PUD_054,2022-01,9.108
W_PUD_054,2022-02,10.434
W_PUD_054,2022-03,11.037
W_PUD_054,2022-04,10.578
W_PUD_054,2022-05,11.058
W_PUD_054,2022-06,10.058
W_PUD_054,2022-07,10.032
W_PUD_054,2022-08,9.733
W_PUD_054,2022-09,9.457
W_PUD_054,2022-10,9.352
W_PUD_054,2022-11,9.033
W_PUD_054,2022-12,9.21
W_PUD_055,2018-01,6.149
W_PUD_055,2018-02,6.582
W_PUD_055,2018-03,6.816
W_PUD_055,2018-04,6.784
W_PUD_055,2018-05,7.138
W_PUD_055,2018-06,6.766
W_PUD_055,2018-07,6.465
W_PUD_055,2018-08,5.64
W_PUD_055,2018-09,4.898
W_PUD_055,2018-10,5.278
W_PUD_055,2018-11,5.004
W_PUD_055,2018-12,5.544
W_PUD_055,2019-01,5.694
W_PUD_055,2019-02,6.736
W_PUD_055,2019-03,7.427
W_PUD_055,2019-04,
W_PUD_055,2019-05,7.172
W_PUD_055,2019-06,7.086
W_PUD_055,2019-07,6.513
W_PUD_055,2019-08,6.072
W_PUD_055,2019-09,5.609
W_PUD_055,2019-10,5.976
W_PUD_055,2019-11,5.267
W_PUD_055,2019-12,5.394
W_PUD_055,2020-01,6.13
W_PUD_055,2020-02,6.627
W_PUD_055,2020-03,7.8
W_PUD_055,2020-04,7.607
W_PUD_055,2020-05,8.06
W_PUD_055,2020-06,6.933
W_PUD_055,2020-07,6.29
W_PUD_055,2020-08,6.115
W_PUD_055,2020-09,6.158
W_PUD_055,2020-10,6.386
W_PUD_055,2020-11,5.463
W_PUD_055,2020-12,5.774
W_PUD_055,2021-01,6.697
W_PUD_055,2021-02,7.207
W_PUD_055,2021-03,7.725
W_PUD_055,2021-04,7.759
W_PUD_055,2021-05,7.939
W_PUD_055,2021-06,7.62
W_PUD_055,2021-07,7.007
W_PUD_055,2021-08,6.479
W_PUD_055,2021-09,5.823
W_PUD_055,2021-10,6.44
W_PUD_055,2021-11,6.14
W_PUD_055,2021-12,6.571
W_PUD_055,2022-01,6.901
W_PUD_055,2022-02,7.71
W_PUD_055,2022-03,8.071
W_PUD_055,2022-04,8.521
W_PUD_055,2022-05,8.224
W_PUD_055,2022-06,7.806
W_PUD_055,2022-07,7.383
W_PUD_055,2022-08,6.873
W_PUD_055,2022-09,6.577
W_PUD_055,2022-10,6.829
W_PUD_055,2022-11,6.379
W_PUD_055,2022-12,7.015
W_PUD_056,2018-01,6.466
W_PUD_056,2018-02,6.535
W_PUD_056,2018-03,7.001
W_PUD_056,2018-04,7.051
W_PUD_056,2018-05,7.08
W_PUD_056,2018-06,6.383
W_PUD_056,2018-07,6.094
W_PUD_056,2018-08,5.981
W_PUD_056,2018-09,5.568
W_PUD_056,2018-10,
W_PUD_056,2018-11,5.326
W_PUD_056,2018-12,5.76
W_PUD_056,2019-01,5.673
W_PUD_056,2019-02,7.273
W_PUD_056,2019-03,6.807
W_PUD_056,2019-04,7.499
W_PUD_056,2019-05,7.105
W_PUD_056,2019-06,7.029
W_PUD_056,2019-07,6.225
W_PUD_056,2019-08,6.322
W_PUD_056,2019-09,5.677
W_PUD_056,2019-10,5.787
W_PUD_056,2019-11,5.71
W_PUD_056,2019-12,5.524
W_PUD_056,2020-01,6.463
W_PUD_056,2020-02,7.175
W_PUD_056,2020-03,7.444
W_PUD_056,2020-04,7.494
W_PUD_056,2020-05,7.843
W_PUD_056,2020-06,7.575
W_PUD_056,2020-07,7.014
W_PUD_056,2020-08,5.948
W_PUD_056,2020-09,6.277
W_PUD_056,2020-10,6.184
W_PUD_056,2020-11,5.588
W_PUD_056,2020-12,6.333
W_PUD_056,2021-01,6.51
W_PUD_056,2021-02,7.589
W_PUD_056,2021-03,7.89
W_PUD_056,2021-04,8.015
W_PUD_056,2021-05,8.348
W_PUD_056,2021-06,7.685
W_PUD_056,2021-07,7.388
W_PUD_056,2021-08,6.147
W_PUD_056,2021-09,6.244
W_PUD_056,2021-10,6.426
W_PUD_056,2021-11,6.538
W_PUD_056,2021-12,6.592
W_PUD_056,2022-01,7.003
W_PUD_056,2022-02,8.147
W_PUD_056,2022-03,8.075
W_PUD_056,2022-04,8.742
W_PUD_056,2022-05,8.06
W_PUD_056,2022-06,8.347
W_PUD_056,2022-07,7.807
W_PUD_056,2022-08,7.093
W_PUD_056,2022-09,6.558
W_PUD_056,2022-10,6.991
W_PUD_056,2022-11,6.024
W_PUD_056,2022-12,6.487
W_PUD_057,2018-01,9.143
W_PUD_057,2018-02,9.353
W_PUD_057,2018-03,9.757
W_PUD_057,2018-04,9.99
W_PUD_057,2018-05,9.636
W_PUD_057,2018-06,9.643
W_PUD_057,2018-07,9.13
W_PUD_057,2018-08,8.749
W_PUD_057,2018-09,8.024
W_PUD_057,2018-10,7.968
W_PUD_057,2018-11,8.167
W_PUD_057,2018-12,8.524
W_PUD_057,2019-01,8.98
W_PUD_057,2019-02,9.891
W_PUD_057,2019-03,10.144
W_PUD_057,2019-04,10.058
W_PUD_057,2019-05,9.925
W_PUD_057,2019-06,9.715
W_PUD_057,2019-07,9.24
W_PUD_057,2019-08,8.717
W_PUD_057,2019-09,8.965
W_PUD_057,2019-10,8.915
W_PUD_057,2019-11,8.638
W_PUD_057,2019-12,8.805
W_PUD_057,2020-01,
W_PUD_057,2020-02,10.202
W_PUD_057,2020-03,10.434
W_PUD_057,2020-04,10.749
W_PUD_057,2020-05,10.337
W_PUD_057,2020-06,9.949
W_PUD_057,2020-07,9.717
W_PUD_057,2020-08,8.929
W_PUD_057,2020-09,9.169
W_PUD_057,2020-10,9.376
W_PUD_057,2020-11,8.678
W_PUD_057,2020-12,8.827
W_PUD_057,2021-01,9.579
W_PUD_057,2021-02,10.137
W_PUD_057,2021-03,10.818
W_PUD_057,2021-04,11.088
W_PUD_057,2021-05,10.843
W_PUD_057,2021-06,10.798
W_PUD_057,2021-07,9.898
W_PUD_057,2021-08,9.143
W_PUD_057,2021-09,9.117
W_PUD_057,2021-10,9.457
W_PUD_057,2021-11,9.194
W_PUD_057,2021-12,9.389
W_PUD_057,2022-01,9.972
W_PUD_057,2022-02,10.778
W_PUD_057,2022-03,10.985
W_PUD_057,2022-04,11.278
W_PUD_057,2022-05,11.187
W_PUD_057,2022-06,10.929
W_PUD_057,2022-07,10.175
W_PUD_057,2022-08,10.013
W_PUD_057,2022-09,9.742
W_PUD_057,2022-10,9.932
W_PUD_057,2022-11,9.582
W_PUD_057,2022-12,9.491
W_PUD_058,2018-01,8.138
W_PUD_058,2018-02,8.283
W_PUD_058,2018-03,9.187
W_PUD_058,2018-04,9.02
W_PUD_058,2018-05,9.176
W_PUD_058,2018-06,9.184
W_PUD_058,2018-07,8.23
W_PUD_058,2018-08,7.905
W_PUD_058,2018-09,7.489
W_PUD_058,2018-10,7.278
W_PUD_058,2018-11,7.154
W_PUD_058,2018-12,7.491
W_PUD_058,2019-01,7.991
W_PUD_058,2019-02,8.582
W_PUD_058,2019-03,9.259
W_PUD_058,2019-04,9.436
W_PUD_058,2019-05,8.958
W_PUD_058,2019-06,8.891
W_PUD_058,2019-07,8.484
W_PUD_058,2019-08,7.924
W_PUD_058,2019-09,8.028
W_PUD_058,2019-10,8.075
W_PUD_058,2019-11,7.33
W_PUD_058,2019-12,7.562
W_PUD_058,2020-01,8.293
W_PUD_058,2020-02,9.039
W_PUD_058,2020-03,9.333
W_PUD_058,2020-04,9.806
W_PUD_058,2020-05,9.711
W_PUD_058,2020-06,9.958
W_PUD_058,2020-07,9.102
W_PUD_058,2020-08,8.131
W_PUD_058,2020-09,8.144
W_PUD_058,2020-10,8.274
W_PUD_058,2020-11,7.816
W_PUD_058,2020-12,
W_PUD_058,2021-01,8.481
W_PUD_058,2021-02,9.671
W_PUD_058,2021-03,9.568
W_PUD_058,2021-04,10.388
W_PUD_058,2021-05,10.233
W_PUD_058,2021-06,9.598
W_PUD_058,2021-07,9.129
W_PUD_058,2021-08,8.84
W_PUD_058,2021-09,8.744
W_PUD_058,2021-10,9.027
W_PUD_058,2021-11,8.127
W_PUD_058,2021-12,8.35
W_PUD_058,2022-01,9.117
W_PUD_058,2022-02,9.376
W_PUD_058,2022-03,10.253
W_PUD_058,2022-04,10.044
W_PUD_058,2022-05,10.594
W_PUD_058,2022-06,9.926
W_PUD_058,2022-07,9.033
W_PUD_058,2022-08,8.648
W_PUD_058,2022-09,8.398
W_PUD_058,2022-10,8.56
W_PUD_058,2022-11,8.442
W_PUD_058,2022-12,8.733
W_PUD_059,2018-01,7.761
W_PUD_059,2018-02,7.812
W_PUD_059,2018-03,8.294
W_PUD_059,2018-04,8.392
W_PUD_059,2018-05,8.339
W_PUD_059,2018-06,8.095
W_PUD_059,2018-07,7.612
W_PUD_059,2018-08,6.819
W_PUD_059,2018-09,6.923
W_PUD_059,2018-10,6.963
W_PUD_059,2018-11,6.274
W_PUD_059,2018-12,7.261
W_PUD_059,2019-01,7.317
W_PUD_059,2019-02,8.252
W_PUD_059,2019-03,8.556
W_PUD_059,2019-04,8.794
W_PUD_059,2019-05,8.769
W_PUD_059,2019-06,8.451
W_PUD_059,2019-07,8.134
W_PUD_059,2019-08,7.549
W_PUD_059,2019-09,6.85
W_PUD_059,2019-10,7.2
W_PUD_059,2019-11,6.616
W_PUD_059,2019-12,7.234
W_PUD_059,2020-01,8.178
W_PUD_059,2020-02,8.375
W_PUD_059,2020-03,8.939
W_PUD_059,2020-04,8.966
W_PUD_059,2020-05,8.9
W_PUD_059,2020-06,8.762
W_PUD_059,2020-07,8.448
W_PUD_059,2020-08,7.703
W_PUD_059,2020-09,7.637
W_PUD_059,2020-10,7.86
W_PUD_059,2020-11,7.098
W_PUD_059,2020-12,7.955
W_PUD_059,2021-01,8.436
W_PUD_059,2021-02,9.333
W_PUD_059,2021-03,9.317
W_PUD_059,2021-04,9.717
W_PUD_059,2021-05,9.417
W_PUD_059,2021-06,9.262
W_PUD_059,2021-07,8.964
W_PUD_059,2021-08,7.966
W_PUD_059,2021-09,7.782
W_PUD_059,2021-10,8.179
W_PUD_059,2021-11,8.038
W_PUD_059,2021-12,7.387
W_PUD_059,2022-01,8.277
W_PUD_059,2022-02,9.032
W_PUD_059,2022-03,9.544
W_PUD_059,2022-04,
W_PUD_059,2022-05,9.728
W_PUD_059,2022-06,9.665
W_PUD_059,2022-07,9.131
W_PUD_059,2022-08,8.504
W_PUD_059,2022-09,8.297
W_PUD_059,2022-10,7.932
W_PUD_059,2022-11,8.233
W_PUD_059,2022-12,8.431
W_PUD_060,2018-01,6.486
W_PUD_060,2018-02,6.699
W_PUD_060,2018-03,6.983
W_PUD_060,2018-04,7.408
W_PUD_060,2018-05,6.956
W_PUD_060,2018-06,6.796
W_PUD_060,2018-07,6.503
W_PUD_060,2018-08,6.047
W_PUD_060,2018-09,5.74
W_PUD_060,2018-10,5.882
W_PUD_060,2018-11,5.519
W_PUD_060,2018-12,5.77
W_PUD_060,2019-01,6.166
W_PUD_060,2019-02,7.041
W_PUD_060,2019-03,7.046
W_PUD_060,2019-04,8.007
W_PUD_060,2019-05,
W_PUD_060,2019-06,6.798
W_PUD_060,2019-07,6.606
W_PUD_060,2019-08,6.164
W_PUD_060,2019-09,5.558
W_PUD_060,2019-10,5.862
W_PUD_060,2019-11,5.004
W_PUD_060,2019-12,6.609
W_PUD_060,2020-01,6.54
W_PUD_060,2020-02,7.336
W_PUD_060,2020-03,7.666
W_PUD_060,2020-04,8.094
W_PUD_060,2020-05,7.865
W_PUD_060,2020-06,7.414
W_PUD_060,2020-07,7.207
W_PUD_060,2020-08,5.957
W_PUD_060,2020-09,5.651
W_PUD_060,2020-10,6.275
W_PUD_060,2020-11,5.643
W_PUD_060,2020-12,5.988
W_PUD_060,2021-01,6.9
W_PUD_060,2021-02,7.469
W_PUD_060,2021-03,7.989
W_PUD_060,2021-04,8.327
W_PUD_060,2021-05,8.091
W_PUD_060,2021-06,7.793
W_PUD_060,2021-07,7.342
W_PUD_060,2021-08,6.749
W_PUD_060,2021-09,6.273
W_PUD_060,2021-10,6.44
W_PUD_060,2021-11,6.703
W_PUD_060,2021-12,6.746
W_PUD_060,2022-01,7.237
W_PUD_060,2022-02,8.188
W_PUD_060,2022-03,8.571
W_PUD_060,2022-04,8.71
W_PUD_060,2022-05,8.511
W_PUD_060,2022-06,8.101
W_PUD_060,2022-07,7.151
W_PUD_060,2022-08,7.432
W_PUD_060,2022-09,6.874
W_PUD_060,2022-10,6.929
W_PUD_060,2022-11,6.282
W_PUD_060,2022-12,7.283
